"Time_Iter","Outer_Iter","Inner_Iter",   "rms[A_Rho]"   ,   "rms[A_RhoU]"  ,   "rms[A_RhoV]"  ,    "rms[A_E]"    
          0,           0,           0,      -5.053369155,      -4.823253393,      -5.014465456,      -5.004368468
          0,           0,           1,      -4.802455235,      -4.756158166,      -4.720177235,      -5.209629341
          0,           0,           2,      -4.686257367,      -4.617339568,      -4.796354632,      -5.181488089
          0,           0,           3,       -4.70931988,      -4.628569787,      -4.787320024,      -5.177471356
          0,           0,           4,      -4.679613686,      -4.594365238,      -4.826115002,       -5.19698779
          0,           0,           5,      -4.691167721,      -4.587642067,      -4.886429516,      -5.194050651
          0,           0,           6,      -4.702272941,       -4.58509059,      -4.923341198,      -5.222794051
          0,           0,           7,      -4.719705807,      -4.579429156,      -4.986763954,      -5.233541897
          0,           0,           8,      -4.754758571,      -4.583704182,      -5.037897978,      -5.249033254
          0,           0,           9,      -4.779134642,      -4.583334303,      -5.074353997,      -5.275954016
          0,           0,          10,      -4.797792755,      -4.577964465,      -5.112377248,      -5.292545323
          0,           0,          11,      -4.821693231,      -4.574608142,      -5.138518256,      -5.300022855
          0,           0,          12,      -4.844077064,      -4.573164975,      -5.161767366,      -5.309529394
          0,           0,          13,      -4.859961725,       -4.57318858,      -5.190334248,      -5.323049273
          0,           0,          14,      -4.872261651,      -4.576082566,      -5.216845848,      -5.338619735
          0,           0,          15,      -4.884163302,       -4.58292855,      -5.237128177,      -5.355651543
          0,           0,          16,      -4.896350099,      -4.593943211,       -5.25445383,      -5.374839899
          0,           0,          17,      -4.908931512,      -4.608912787,      -5.271592237,      -5.396367496
          0,           0,          18,      -4.922534466,      -4.627506761,      -5.288915589,      -5.419522168
          0,           0,          19,      -4.937973368,      -4.649416735,      -5.306493308,      -5.443382567
          0,           0,          20,      -4.955801581,      -4.674369183,      -5.324624434,       -5.46732001
          0,           0,          21,      -4.976153103,      -4.701958201,      -5.342802006,      -5.490839525
          0,           0,          22,      -4.998509565,      -4.731230515,      -5.358918403,      -5.512971752
          0,           0,          23,       -5.02117756,      -4.760097473,      -5.369642006,      -5.531784029
          0,           0,          24,      -5.040868461,      -4.784956295,      -5.371792703,      -5.544574076
          0,           0,          25,      -5.053281629,      -4.801337182,      -5.364164169,      -5.549282125
          0,           0,          26,      -5.054998901,      -4.806168041,      -5.346726293,      -5.546253612
          0,           0,          27,      -5.043873279,      -4.796473573,      -5.322579607,      -5.527909578
          0,           0,          28,      -5.026028675,      -4.776352368,      -5.306024774,      -5.505901254
          0,           0,          29,      -5.005717379,      -4.751549615,      -5.293932172,       -5.48612854
          0,           0,          30,      -4.986220353,      -4.725604891,      -5.283758643,      -5.467801187
          0,           0,          31,      -4.971777555,        -4.7030157,       -5.27859026,        -5.4534789
          0,           0,          32,      -4.964484321,       -4.68620043,      -5.277739148,      -5.444846239
          0,           0,          33,      -4.964491659,      -4.675605025,      -5.280063455,      -5.441973392
          0,           0,          34,       -4.97199555,      -4.671647641,      -5.286046084,      -5.446509464
          0,           0,          35,      -4.986668283,      -4.674269524,       -5.29690664,      -5.462288227
          0,           0,          36,      -5.000365985,      -4.678039729,      -5.305903051,      -5.464628675
          0,           0,          37,      -5.018635543,      -4.688841211,      -5.313181877,      -5.475147039
          0,           0,          38,      -5.038838683,      -4.703297933,      -5.327305931,      -5.492672799
          0,           0,          39,      -5.062672882,      -4.722439017,      -5.343814008,      -5.512426629
          0,           0,          40,      -5.090268277,      -4.746763682,      -5.363613469,      -5.538894546
          0,           0,          41,       -5.12020103,      -4.775052638,      -5.388705394,      -5.569961598
          0,           0,          42,      -5.150945349,      -4.806048609,      -5.419698547,      -5.603708361
          0,           0,          43,      -5.181811686,      -4.838950336,      -5.455675178,      -5.639420869
          0,           0,          44,      -5.212703477,      -4.873299238,      -5.495030276,      -5.676805638
          0,           0,          45,       -5.24372376,      -4.908760081,      -5.536604431,      -5.715620684
          0,           0,          46,      -5.275175108,      -4.945133733,      -5.579213444,      -5.755436619
          0,           0,          47,      -5.307491509,      -4.982433192,      -5.621402725,      -5.795871154
          0,           0,          48,       -5.34108293,      -5.020859983,      -5.661862988,      -5.836829837
          0,           0,          49,      -5.376199579,      -5.060695491,      -5.699623921,      -5.878520444
          0,           0,          50,      -5.412785805,      -5.102104023,       -5.73379748,      -5.921149138
          0,           0,          51,      -5.450192942,      -5.144776692,      -5.763472008,      -5.964031649
          0,           0,          52,      -5.487039366,      -5.187681216,      -5.789607969,      -6.005048175
          0,           0,          53,      -5.522209683,      -5.229780969,      -5.816038707,      -6.043240791
          0,           0,          54,      -5.555816668,      -5.270841114,      -5.844836093,      -6.080270116
          0,           0,          55,      -5.588611881,      -5.311120771,      -5.874821951,       -6.11757581
          0,           0,          56,       -5.62152016,      -5.351072594,      -5.903404859,      -6.155141832
          0,           0,          57,      -5.655333484,      -5.391195646,      -5.928951785,      -6.192382572
          0,           0,          58,      -5.690211161,      -5.431758731,      -5.951561062,      -6.228605772
          0,           0,          59,      -5.725776269,      -5.472690139,      -5.972345044,      -6.263233507
          0,           0,          60,      -5.761343894,      -5.513516015,      -5.992991455,      -6.296131737
          0,           0,          61,      -5.795956063,      -5.553284891,      -6.014704997,      -6.327322433
          0,           0,          62,      -5.828543653,      -5.590645026,      -6.037437381,      -6.356551969
          0,           0,          63,      -5.858173697,      -5.624071785,      -6.060641344,      -6.383085328
          0,           0,          64,      -5.884120296,      -5.652155068,       -6.08369477,       -6.40575722
          0,           0,          65,      -5.905825168,      -5.673957443,      -6.105604133,      -6.422909944
          0,           0,          66,      -5.923782097,      -5.690136025,      -6.125704629,      -6.433783651
          0,           0,          67,      -5.941368257,       -5.70434578,      -6.145150056,      -6.442584343
          0,           0,          68,      -5.962066765,      -5.720451467,      -6.166076329,       -6.45435853
          0,           0,          69,      -5.987268429,      -5.740498633,      -6.188633691,      -6.469704505
          0,           0,          70,      -6.016919587,       -5.76520949,      -6.211866366,      -6.489271219
          0,           0,          71,      -6.049022132,      -5.793633757,      -6.236095723,      -6.512533662
          0,           0,          72,      -6.081608952,      -5.824628896,      -6.261012628,      -6.538362356
          0,           0,          73,      -6.113177954,      -5.857159885,      -6.285922456,      -6.566133017
          0,           0,          74,      -6.142342499,      -5.889715391,      -6.310974895,      -6.594941319
          0,           0,          75,      -6.168276204,      -5.920467968,      -6.336775318,      -6.623539072
          0,           0,          76,      -6.191006911,      -5.947841939,      -6.363596867,      -6.650787667
          0,           0,          77,       -6.21128545,      -5.970985731,      -6.391294419,      -6.675847806
          0,           0,          78,      -6.230354261,      -5.990092158,      -6.419493921,       -6.69835562
          0,           0,          79,      -6.249657616,      -6.006387701,      -6.447673228,      -6.718639185
          0,           0,          80,      -6.270520765,      -6.021708179,      -6.475266754,      -6.737655241
          0,           0,          81,      -6.293908834,      -6.037929539,      -6.501887012,      -6.756652492
          0,           0,          82,      -6.320320478,      -6.056566185,      -6.527522873,      -6.776823467
          0,           0,          83,      -6.349780783,      -6.078610706,      -6.552580632,      -6.799102849
          0,           0,          84,      -6.381873562,      -6.104518571,      -6.577769317,      -6.824094675
          0,           0,          85,      -6.415784365,      -6.134235515,      -6.603901549,      -6.852053318
          0,           0,          86,      -6.450366136,      -6.167224763,      -6.631682704,      -6.882871113
          0,           0,          87,        -6.4842691,      -6.202505636,      -6.661543007,       -6.91607102
          0,           0,          88,       -6.51618376,      -6.238751616,      -6.693552981,      -6.950844486
          0,           0,          89,      -6.545192975,      -6.274505345,      -6.727447226,      -6.986178628
          0,           0,          90,      -6.571104974,      -6.308524632,      -6.762720372,      -7.021063512
          0,           0,          91,       -6.59456698,      -6.340164669,      -6.798701262,      -7.054724178
          0,           0,          92,      -6.616868623,      -6.369602012,      -6.834584679,      -7.086803897
          0,           0,          93,      -6.639543278,      -6.397754545,      -6.869511993,      -7.117425655
          0,           0,          94,      -6.663971691,      -6.425941877,      -6.902771567,      -7.147091274
          0,           0,          95,      -6.691135656,      -6.455479289,       -6.93404791,      -7.176454388
          0,           0,          96,       -6.72154154,      -6.487373483,      -6.963549638,      -7.206085882
          0,           0,          97,      -6.755242638,      -6.522156148,      -6.991929851,      -7.236326211
          0,           0,          98,      -6.791883209,      -6.559798473,      -7.020069096,      -7.267219111
          0,           0,          99,      -6.830730001,      -6.599647814,      -7.048834941,      -7.298481239
          0,           0,         100,      -6.870696978,      -6.640378634,      -7.078883833,      -7.329499416
          0,           0,         101,      -6.910387898,      -6.680013473,      -7.110529281,      -7.359384981
          0,           0,         102,      -6.948188496,      -6.716121708,      -7.143680552,      -7.387110097
          0,           0,         103,      -6.982438753,      -6.746289286,      -7.177843313,      -7.411715351
          0,           0,         104,      -7.011689651,      -6.768791926,       -7.21217456,      -7.432536622
          0,           0,         105,      -7.034989663,      -6.783153644,      -7.245597766,      -7.449372473
          0,           0,         106,      -7.052091233,      -6.790225225,      -7.276988737,      -7.462520228
          0,           0,         107,      -7.063479767,      -6.791744594,      -7.305419402,       -7.47266018
          0,           0,         108,       -7.07021849,      -6.789712183,      -7.330395998,      -7.480648223
          0,           0,         109,      -7.073695867,      -6.785933306,      -7.351981136,      -7.487327722
          0,           0,         110,      -7.075379964,      -6.781835605,      -7.370722326,      -7.493433681
          0,           0,         111,      -7.076638174,      -6.778476735,      -7.387433006,      -7.499579447
          0,           0,         112,      -7.078632593,      -6.776624057,      -7.402953913,      -7.506278411
          0,           0,         113,      -7.082278112,      -6.776835998,      -7.417990962,      -7.513967209
          0,           0,         114,      -7.088243828,      -6.779521728,      -7.433051884,      -7.523019731
          0,           0,         115,      -7.096977873,      -6.784978257,      -7.448458028,      -7.533752566
          0,           0,         116,      -7.108738978,      -6.793410002,      -7.464397304,      -7.546424585
          0,           0,         117,      -7.123624366,      -6.804936198,      -7.480990304,       -7.56123263
          0,           0,         118,      -7.141590157,      -6.819590663,      -7.498349548,      -7.578304669
          0,           0,         119,      -7.162465029,      -6.837317487,      -7.516617957,      -7.597691616
          0,           0,         120,      -7.185960406,      -6.857965559,      -7.535978238,      -7.619358852
          0,           0,         121,      -7.211681621,      -6.881284709,      -7.556631521,      -7.643178198
          0,           0,         122,      -7.239145098,      -6.906926346,      -7.578752623,      -7.668921691
          0,           0,         123,      -7.267806343,      -6.934451593,      -7.602440482,      -7.696261045
          0,           0,         124,      -7.297101497,      -6.963350295,      -7.627685034,      -7.724779584
          0,           0,         125,      -7.326500326,      -6.993074663,      -7.654354757,       -7.75400224
          0,           0,         126,      -7.355562098,      -7.023088844,      -7.682192038,       -7.78344279
          0,           0,         127,      -7.383982048,      -7.052929042,      -7.710812703,      -7.812660382
          0,           0,         128,      -7.411617225,      -7.082261842,      -7.739721755,      -7.841314365
          0,           0,         129,       -7.43848504,      -7.110925197,      -7.768354625,      -7.869206646
          0,           0,         130,      -7.464733848,      -7.138938622,      -7.796143468,       -7.89630083
          0,           0,         131,      -7.490592277,      -7.166477548,      -7.822600541,      -7.922710398
          0,           0,         132,      -7.516310044,      -7.193818999,      -7.847399921,      -7.948658022
          0,           0,         133,      -7.542103927,      -7.221274539,      -7.870429462,      -7.974418632
          0,           0,         134,      -7.568118191,      -7.249127049,      -7.891790502,      -8.000261885
          0,           0,         135,      -7.594402889,      -7.277582225,      -7.911744472,      -8.026405154
          0,           0,         136,      -7.620909113,      -7.306738855,      -7.930628264,      -8.052981833
          0,           0,         137,      -7.647498315,      -7.336577131,       -7.94876915,      -8.080025295
          0,           0,         138,      -7.673962202,      -7.366962173,      -7.966423473,       -8.10746717
          0,           0,         139,      -7.700049534,      -7.397659492,      -7.983749562,      -8.135148146
          0,           0,         140,      -7.725495962,      -7.428359152,      -8.000813012,      -8.162839298
          0,           0,         141,       -7.75005288,      -7.458705284,      -8.017614848,      -8.190271033
          0,           0,         142,      -7.773511315,      -7.488327065,      -8.034130092,      -8.217165485
          0,           0,         143,       -7.79571754,      -7.516867068,      -8.050344607,      -8.243267239
          0,           0,         144,      -7.816578722,      -7.544003549,        -8.0662806,      -8.268367561
          0,           0,         145,      -7.836059168,      -7.569465191,      -8.082005536,      -8.292318936
          0,           0,         146,      -7.854169872,       -7.59303934,      -8.097624268,      -8.315039235
          0,           0,         147,      -7.870954945,      -7.614576476,      -8.113258733,      -8.336507263
          0,           0,         148,      -7.886478134,      -7.633993503,      -8.129021959,      -8.356752779
          0,           0,         149,      -7.900811283,      -7.651276501,      -8.144993168,       -8.37584402
          0,           0,         150,      -7.914025389,      -7.666481128,      -8.161199082,      -8.393874674
          0,           0,         151,        -7.9261844,      -7.679727757,      -8.177604517,      -8.410951065
          0,           0,         152,      -7.937342216,      -7.691189765,      -8.194113791,      -8.427179977
          0,           0,         153,      -7.947544141,      -7.701076639,      -8.210583555,      -8.442658206
          0,           0,         154,      -7.956834288,      -7.709616777,      -8.226846849,      -8.457465858
          0,           0,         155,      -7.965269614,      -7.717045851,      -8.242745943,      -8.471665676
          0,           0,         156,      -7.972939358,      -7.723604101,      -8.258167211,      -8.485309514
          0,           0,         157,      -7.979985877,      -7.729541222,      -8.273067963,      -8.498451233
          0,           0,         158,      -7.986619964,       -7.73512346,      -8.287487624,      -8.511163561
          0,           0,         159,      -7.993122945,      -7.740636732,      -8.301541431,      -8.523554165
          0,           0,         160,      -7.999831519,      -7.746381987,      -8.315399194,      -8.535773462
          0,           0,         161,      -8.007108141,      -7.752663105,      -8.329255966,      -8.548008473
          0,           0,         162,      -8.015305807,      -7.759771304,      -8.343303724,      -8.560464567
          0,           0,         163,      -8.024737317,      -7.767971183,      -8.357710135,       -8.57334359
          0,           0,         164,       -8.03565535,      -7.777491748,      -8.372605566,      -8.586826836
          0,           0,         165,      -8.048244464,      -7.788522934,      -8.388077269,      -8.601066447
          0,           0,         166,      -8.062622464,      -7.801216268,      -8.404169503,       -8.61618394
          0,           0,         167,       -8.07884731,      -7.815687652,      -8.420888743,      -8.632272283
          0,           0,         168,      -8.096926074,      -7.832020477,      -8.438213508,      -8.649398371
          0,           0,         169,      -8.116823757,      -7.850267957,      -8.456108069,       -8.66760517
          0,           0,         170,      -8.138471519,      -7.870454613,      -8.474538002,      -8.686915858
          0,           0,         171,      -8.161775668,      -7.892578132,      -8.493484115,      -8.707344476
          0,           0,         172,      -8.186629631,      -7.916613622,      -8.512950096,      -8.728915439
          0,           0,         173,      -8.212929018,      -7.942521057,      -8.532959009,      -8.751683344
          0,           0,         174,       -8.24058373,      -7.970252096,      -8.553537431,      -8.775728022
          0,           0,         175,      -8.269516003,      -7.999747514,       -8.57469731,      -8.801102707
          0,           0,         176,      -8.299638755,      -8.030919106,       -8.59643501,      -8.827756845
          0,           0,         177,      -8.330822356,      -8.063620072,       -8.61875268,      -8.855492938
          0,           0,         178,      -8.362864809,       -8.09761425,      -8.641678065,      -8.883984244
          0,           0,         179,      -8.395477258,      -8.132554117,      -8.665257888,      -8.912825559
          0,           0,         180,      -8.428291337,      -8.167976286,       -8.68952936,      -8.941584939
          0,           0,         181,      -8.460888727,      -8.203320127,      -8.714494337,      -8.969845617
          0,           0,         182,      -8.492846483,      -8.237970031,      -8.740113876,      -8.997239264
          0,           0,         183,      -8.523788006,      -8.271318066,      -8.766321092,      -9.023475011
          0,           0,         184,      -8.553430186,      -8.302840261,      -8.793037601,      -9.048366287
          0,           0,         185,      -8.581618963,      -8.332173672,      -8.820183473,      -9.071851879
          0,           0,         186,      -8.608346824,      -8.359175405,      -8.847682411,      -9.094004671
          0,           0,         187,      -8.633748779,      -8.383945622,      -8.875468207,      -9.115023726
          0,           0,         188,       -8.65807857,      -8.406807068,      -8.903494098,      -9.135210358
          0,           0,         189,      -8.681671925,      -8.428248658,      -8.931741753,      -9.154933541
          0,           0,         190,      -8.704905691,        -8.4488514,      -8.960225824,      -9.174592103
          0,           0,         191,      -8.728160582,      -8.469216246,      -8.988992283,      -9.194580338
          0,           0,         192,      -8.751791946,      -8.489906989,      -9.018111273,      -9.215260908
          0,           0,         193,      -8.776109502,      -8.511412509,      -9.047666535,      -9.236945928
          0,           0,         194,      -8.801364486,      -8.534126012,       -9.07774355,       -9.25988492
          0,           0,         195,      -8.827741571,       -8.55833587,      -9.108417716,      -9.284257485
          0,           0,         196,      -8.855352909,       -8.58422243,      -9.139742972,      -9.310168494
          0,           0,         197,      -8.884232289,      -8.611856382,      -9.171740664,      -9.337644159
          0,           0,         198,      -8.914328291,       -8.64119595,      -9.204388276,       -9.36662803
          0,           0,         199,      -8.945496428,      -8.672081926,      -9.237607934,      -9.396976731
          0,           0,         200,      -8.977491605,      -8.704231543,      -9.271255192,      -9.428456219
          0,           0,         201,      -9.009963872,      -8.737234447,      -9.305109585,      -9.460740484
          0,           0,         202,      -9.042462262,       -8.77055669,      -9.338869683,      -9.493415913
          0,           0,         203,      -9.074452874,      -8.803560989,      -9.372156629,      -9.525995615
          0,           0,         204,      -9.105357073,      -8.835551772,      -9.404530712,        -9.5579481
          0,           0,         205,      -9.134612004,      -8.865849231,      -9.435524403,      -9.588742722
          0,           0,         206,      -9.161747841,      -8.893886094,      -9.464691638,      -9.617909496
          0,           0,         207,      -9.186466294,      -8.919306639,      -9.491667336,      -9.645104028
          0,           0,         208,      -9.208698432,      -8.942037843,      -9.516225477,      -9.670162405
          0,           0,         209,      -9.228622976,      -8.962307084,      -9.538322019,      -9.693130359
          0,           0,         210,      -9.246639735,       -8.98060054,      -9.558112597,      -9.714258101
          0,           0,         211,      -9.263309673,      -8.997580013,      -9.575942751,      -9.733964049
          0,           0,         212,      -9.279283052,      -9.013988426,      -9.592316022,       -9.75278045
          0,           0,         213,      -9.295235645,      -9.030570244,      -9.607848554,       -9.77129619
          0,           0,         214,      -9.311823177,      -9.048019081,      -9.623217057,      -9.790106949
          0,           0,         215,      -9.329653025,      -9.066950658,      -9.639103054,      -9.809774939
          0,           0,         216,      -9.349264481,      -9.087890757,      -9.656134632,      -9.830795064
          0,           0,         217,       -9.37110653,      -9.111265143,      -9.674829776,      -9.853563765
          0,           0,         218,       -9.39550415,      -9.137379767,      -9.695549775,      -9.878348667
          0,           0,         219,      -9.422609388,      -9.166383075,        -9.7184709,      -9.905256914
          0,           0,         220,      -9.452341941,      -9.198208827,      -9.743577168,      -9.934199409
          0,           0,         221,       -9.48433697,      -9.232509455,      -9.770673853,      -9.964856232
          0,           0,         222,      -9.517930211,      -9.268604358,      -9.799422095,      -9.996665334
          0,           0,         223,      -9.552207014,      -9.305473539,      -9.829388871,      -10.02886072
          0,           0,         224,       -9.58611394,      -9.341815578,      -9.860093526,      -10.06056021
          0,           0,         225,      -9.618600219,      -9.376172006,      -9.891037644,      -10.09087145
          0,           0,         226,       -9.64875102,      -9.407113305,      -9.921732073,       -10.1189888
          0,           0,         227,      -9.675889836,      -9.433469761,      -9.951736208,      -10.14427693
          0,           0,         228,      -9.699638793,      -9.454554101,       -9.98069706,      -10.16634189
          0,           0,         229,      -9.719929773,      -9.470289989,      -10.00836711,      -10.18507762
          0,           0,         230,      -9.736967286,      -9.481183528,      -10.03459706,      -10.20066852
          0,           0,         231,      -9.751156566,      -9.488154433,      -10.05931593,      -10.21354076
          0,           0,         232,      -9.763019601,      -9.492312111,      -10.08250901,      -10.22427649
          0,           0,         233,      -9.773122916,      -9.494764435,      -10.10418926,      -10.23351605
          0,           0,         234,      -9.782030058,      -9.496498757,      -10.12436281,      -10.24187348
          0,           0,         235,      -9.790273888,      -9.498328183,      -10.14301726,       -10.2498854
          0,           0,         236,      -9.798336811,      -9.500880883,      -10.16015034,      -10.25799553
          0,           0,         237,      -9.806636264,      -9.504615002,      -10.17580948,      -10.26655867
          0,           0,         238,      -9.815519055,      -9.509846555,      -10.19011035,         -10.27585
          0,           0,         239,      -9.825264123,      -9.516780339,      -10.20323602,      -10.28607644
          0,           0,         240,        -9.8360901,      -9.525537931,      -10.21542646,      -10.29738909
          0,           0,         241,      -9.848164652,      -9.536180653,      -10.22696089,      -10.30989544
          0,           0,         242,      -9.861613487,      -9.548727256,      -10.23813655,      -10.32366976
          0,           0,         243,      -9.876527668,      -9.563166864,      -10.24924974,      -10.33876119
          0,           0,         244,       -9.89296897,       -9.57946822,      -10.26058228,      -10.35519989
          0,           0,         245,      -9.910973878,      -9.597586458,      -10.27239232,      -10.37300189
          0,           0,         246,      -9.930556824,      -9.617468384,      -10.28490752,      -10.39217367
          0,           0,         247,      -9.951712896,      -9.639056757,      -10.29831986,       -10.4127161
          0,           0,         248,      -9.974419983,      -9.662293731,      -10.31278269,      -10.43462756
          0,           0,         249,      -9.998640266,       -9.68712346,       -10.3284103,      -10.45790576
          0,           0,         250,      -10.02432094,      -9.713493813,      -10.34527929,      -10.48254836
          0,           0,         251,      -10.05139417,      -9.741357123,      -10.36343109,       -10.5085524
          0,           0,         252,      -10.07977619,      -9.770669831,      -10.38287475,      -10.53591268
          0,           0,         253,      -10.10936567,      -9.801390815,      -10.40358958,      -10.56461915
          0,           0,         254,      -10.14004133,      -9.833478152,       -10.4255274,      -10.59465306
          0,           0,         255,      -10.17165897,      -9.866883954,      -10.44861439,      -10.62598196
          0,           0,         256,      -10.20404807,      -9.901546827,      -10.47275259,      -10.65855319
          0,           0,         257,      -10.23700806,      -9.937381401,      -10.49782144,      -10.69228589
          0,           0,         258,      -10.27030455,      -9.974264316,      -10.52367984,      -10.72706113
          0,           0,         259,      -10.30366599,      -10.01201619,      -10.55016903,       -10.7627102
          0,           0,         260,      -10.33678108,      -10.05037952,      -10.57711639,      -10.79900115
          0,           0,         261,      -10.36929794,      -10.08899346,      -10.60433835,      -10.83562361
          0,           0,         262,      -10.40082528,       -10.1273678,      -10.63163809,      -10.87217245
          0,           0,         263,      -10.43093632,      -10.16486092,      -10.65878941,      -10.90813091
          0,           0,         264,      -10.45917778,      -10.20066941,      -10.68550375,      -10.94285704
          0,           0,         265,      -10.48509215,      -10.23384633,      -10.71141463,      -10.97559376
          0,           0,         266,      -10.50826321,      -10.26338171,      -10.73615195,       -11.0055467
          0,           0,         267,       -10.5283812,      -10.28837392,      -10.75945916,      -11.03203649
          0,           0,         268,      -10.54530485,      -10.30824602,      -10.78119645,      -11.05461435
          0,           0,         269,      -10.55910739,      -10.32290681,       -10.8013286,      -11.07310643
          0,           0,         270,      -10.57010831,      -10.33280427,      -10.81996983,      -11.08769079
          0,           0,         271,      -10.57886056,      -10.33884605,       -10.8373389,      -11.09893658
          0,           0,         272,      -10.58606895,      -10.34219863,      -10.85367328,      -11.10768751
          0,           0,         273,      -10.59247701,       -10.3440606,      -10.86920627,      -11.11486894
          0,           0,         274,      -10.59876897,      -10.34549855,      -10.88417542,      -11.12133647
          0,           0,         275,      -10.60550791,      -10.34736583,       -10.8988228,       -11.1277939
          0,           0,         276,      -10.61311472,      -10.35028906,      -10.91338243,      -11.13477207
          0,           0,         277,      -10.62187833,      -10.35469634,       -10.9280571,      -11.14264898
          0,           0,         278,      -10.63198097,      -10.36086076,      -10.94299815,      -11.15168372
          0,           0,         279,      -10.64352567,       -10.3689425,      -10.95830258,      -11.16204697
          0,           0,         280,       -10.6565601,      -10.37902229,       -10.9740266,      -11.17384371
          0,           0,         281,       -10.6710947,      -10.39112538,      -10.99020364,      -11.18712816
          0,           0,         282,      -10.68711511,      -10.40523706,      -11.00685707,      -11.20191189
          0,           0,         283,      -10.70458901,      -10.42131139,      -11.02400551,       -11.2181663
          0,           0,         284,      -10.72346847,      -10.43927489,      -11.04166336,      -11.23582251
          0,           0,         285,      -10.74368934,       -10.4590269,      -11.05983966,      -11.25477081
          0,           0,         286,      -10.76516931,      -10.48043828,      -11.07853671,      -11.27486224
          0,           0,         287,      -10.78780592,       -10.5033495,      -11.09774883,      -11.29591254
          0,           0,         288,      -10.81147529,      -10.52756928,      -11.11746133,      -11.31770866
          0,           0,         289,      -10.83603204,      -10.55287443,      -11.13765027,      -11.34001758
          0,           0,         290,      -10.86131072,      -10.57901177,      -11.15828345,      -11.36259747
          0,           0,         291,      -10.88712895,      -10.60570306,      -11.17932304,      -11.38521071
          0,           0,         292,      -10.91329255,      -10.63265375,      -11.20072919,      -11.40763856
          0,           0,         293,      -10.93960275,      -10.65956614,      -11.22246439,      -11.42969619
          0,           0,         294,      -10.96586538,      -10.68615681,      -11.24449761,      -11.45124657
          0,           0,         295,      -10.99190141,      -10.71217717,      -11.26680815,      -11.47221163
          0,           0,         296,      -11.01755784,      -10.73743448,      -11.28938861,      -11.49257874
          0,           0,         297,      -11.04271754,      -10.76181005,      -11.31224713,      -11.51240176
          0,           0,         298,      -11.06730656,       -10.7852709,      -11.33540854,      -11.53179609
          0,           0,         299,      -11.09129787,      -10.80787213,      -11.35891439,      -11.55092885
          0,           0,         300,      -11.11471078,      -10.82974942,      -11.38282199,      -11.57000531
          0,           0,         301,      -11.13760628,      -10.85110264,      -11.40720203,      -11.58925332
          0,           0,         302,      -11.16007889,      -10.87217374,      -11.43213513,      -11.60890748
          0,           0,         303,      -11.18224605,      -10.89322207,      -11.45770687,      -11.62919391
          0,           0,         304,      -11.20423594,      -10.91450013,      -11.48400141,      -11.65031627
          0,           0,         305,      -11.22617453,      -10.93623139,      -11.51109297,      -11.67244254
          0,           0,         306,       -11.2481721,      -10.95859046,       -11.5390352,      -11.69569218
          0,           0,         307,      -11.27030913,      -10.98168498,      -11.56784761,      -11.72012205
          0,           0,         308,      -11.29262172,      -11.00553778,      -11.59749815,      -11.74571074
          0,           0,         309,      -11.31508753,      -11.03006894,      -11.62788118,      -11.77234083
          0,           0,         310,      -11.33761424,       -11.0550788,      -11.65879349,      -11.79978009
          0,           0,         311,      -11.36003386,       -11.0802363,       -11.6899153,      -11.82766437
          0,           0,         312,      -11.38210613,      -11.10507955,      -11.72079913,      -11.85548683
          0,           0,         313,      -11.40353327,       -11.1290363,      -11.75086277,      -11.88260096
          0,           0,         314,      -11.42398601,      -11.15146999,      -11.77938864,       -11.9082474
          0,           0,         315,      -11.44313695,      -11.17175159,      -11.80554791,      -11.93161453
          0,           0,         316,       -11.4606945,      -11.18934802,      -11.82847014,      -11.95193505
          0,           0,         317,      -11.47642998,      -11.20390673,      -11.84736236,      -11.96860537
          0,           0,         318,       -11.4901908,      -11.21530932,      -11.86164845,      -11.98129503
          0,           0,         319,      -11.50189252,      -11.22367145,      -11.87107446,       -11.9900127
          0,           0,         320,      -11.51148935,      -11.22928707,      -11.87575081,      -11.99513372
          0,           0,         321,      -11.51895381,      -11.23255757,      -11.87621361,      -11.99750066
          0,           0,         322,      -11.52441884,      -11.23404813,      -11.87380016,      -11.99886477
          0,           0,         323,      -11.52879256,      -11.23490285,       -11.8714396,      -12.00245053
          0,           0,         324,      -11.53411623,      -11.23697117,      -11.87250638,      -12.01069879
          0,           0,         325,      -11.54218827,      -11.24159354,      -11.87713957,      -12.02194365
          0,           0,         326,      -11.55429016,      -11.24960542,      -11.88407181,      -12.03467856
          0,           0,         327,      -11.57091615,      -11.26143057,      -11.89291097,      -12.04861384
          0,           0,         328,      -11.59137824,      -11.27676558,       -11.9042459,      -12.06371654
          0,           0,         329,      -11.61452749,      -11.29500069,      -11.91883136,      -12.08017964
          0,           0,         330,      -11.63938522,      -11.31561961,      -11.93650003,      -12.09819186
          0,           0,         331,      -11.66527932,      -11.33831902,      -11.95650583,      -12.11801773
          0,           0,         332,      -11.69177851,      -11.36296394,      -11.97844757,      -12.14007439
          0,           0,         333,      -11.71864956,      -11.38949129,      -12.00226419,      -12.16461955
          0,           0,         334,      -11.74587885,      -11.41791605,      -12.02795622,      -12.19171161
          0,           0,         335,      -11.77365267,       -11.4483665,      -12.05551719,       -12.2213841
          0,           0,         336,      -11.80228598,       -11.4810762,      -12.08493883,      -12.25374369
          0,           0,         337,      -11.83213325,      -11.51634318,       -12.1162466,      -12.28897374
          0,           0,         338,      -11.86350339,      -11.55447867,      -12.14952886,      -12.32729587
          0,           0,         339,      -11.89659452,      -11.59576355,      -12.18489102,      -12.36891146
          0,           0,         340,      -11.93141507,      -11.64038833,      -12.22228415,      -12.41386382
          0,           0,         341,      -11.96762195,      -11.68831493,      -12.26109613,      -12.46158169
          0,           0,         342,      -12.00435186,      -11.73906877,      -12.29967288,      -12.51010316
          0,           0,         343,      -12.04082483,      -11.79195328,      -12.33695485,      -12.55784385
          0,           0,         344,      -12.07734605,      -11.84655349,      -12.37511695,      -12.60704934
          0,           0,         345,      -12.11412338,      -11.90177599,      -12.41563659,      -12.65835328
          0,           0,         346,      -12.15004141,       -11.9545202,      -12.45656451,      -12.70768625
          0,           0,         347,      -12.18290856,      -11.99971972,      -12.49556045,      -12.74933667
          0,           0,         348,      -12.21033999,      -12.03192034,       -12.5302041,      -12.77840141
          0,           0,         349,       -12.2305697,      -12.04764066,      -12.55821023,      -12.79240577
          0,           0,         350,      -12.24297006,      -12.04731645,      -12.57856557,      -12.79233795
          0,           0,         351,      -12.24829702,      -12.03507977,      -12.59124345,      -12.78207734
          0,           0,         352,      -12.24828937,      -12.01632816,      -12.59688897,      -12.76626523
          0,           0,         353,      -12.24496534,      -11.99557323,      -12.59691863,      -12.74869978
          0,           0,         354,      -12.24012968,      -11.97577577,      -12.59322134,      -12.73192638
          0,           0,         355,      -12.23518041,      -11.95858519,      -12.58764407,      -12.71743286
          0,           0,         356,      -12.23110818,      -11.94478849,      -12.58170326,      -12.70598125
          0,           0,         357,      -12.22857891,      -11.93467918,      -12.57653176,      -12.69789707
          0,           0,         358,      -12.22802782,      -11.92829562,      -12.57292256,      -12.69326376
          0,           0,         359,      -12.22973355,      -11.92555714,      -12.57139565,      -12.69203839
          0,           0,         360,      -12.23386807,       -11.9263362,      -12.57226191,      -12.69411672
          0,           0,         361,      -12.24053107,      -11.93049624,      -12.57568184,       -12.6993745
          0,           0,         362,      -12.24977277,      -11.93790999,      -12.58171237,      -12.70769115
          0,           0,         363,      -12.26160949,      -11.94846692,      -12.59034602,      -12.71896062
          0,           0,         364,       -12.2760344,      -11.96207536,      -12.60154205,      -12.73309669
          0,           0,         365,      -12.29302457,      -11.97866075,      -12.61525014,      -12.75003232
          0,           0,         366,      -12.31254518,      -11.99816362,       -12.6314218,      -12.76971791
          0,           0,         367,      -12.33455139,      -12.02053589,      -12.65001346,      -12.79211454
          0,           0,         368,      -12.35899055,      -12.04573912,      -12.67099022,       -12.8171952
          0,           0,         369,      -12.38580031,       -12.0737407,      -12.69431721,      -12.84493602
          0,           0,         370,      -12.41490778,      -12.10451148,      -12.71995832,      -12.87531494
          0,           0,         371,      -12.44622658,       -12.1380222,      -12.74786911,      -12.90830847
          0,           0,         372,      -12.47965131,      -12.17423812,      -12.77799064,      -12.94388297
          0,           0,         373,      -12.51505294,      -12.21311307,      -12.81024478,      -12.98199177
          0,           0,         374,      -12.55226836,      -12.25457781,       -12.8445262,      -13.02256135
          0,           0,         375,      -12.59109008,      -12.29852465,      -12.88069619,      -13.06547825
          0,           0,         376,      -12.63125067,      -12.34478205,      -12.91857112,      -13.11056349
          0,           0,         377,      -12.67240509,       -12.3930777,      -12.95792032,      -13.15754171
          0,           0,         378,      -12.71411013,      -12.44298597,      -12.99846353,      -13.20599764
          0,           0,         379,      -12.75581343,      -12.49386515,       -13.0399146,      -13.25534963
          0,           0,         380,      -12.79686473,      -12.54480435,       -13.0820973,      -13.30487996
          0,           0,         381,      -12.83655019,      -12.59460858,      -13.12487395,      -13.35375153
          0,           0,         382,      -12.87385861,      -12.64157137,      -13.16627905,      -13.39977734
          0,           0,         383,      -12.90692101,      -12.68283679,       -13.2016459,      -13.43775816
          0,           0,         384,      -12.93415186,      -12.71544621,      -13.23103389,      -13.46618557
          0,           0,         385,      -12.95493854,      -12.73759613,      -13.25622111,       -13.4867087
          0,           0,         386,      -12.96932244,      -12.74904778,       -13.2766708,      -13.49935776
          0,           0,         387,      -12.97838145,      -12.75162169,      -13.29183951,      -13.50468495
          0,           0,         388,      -12.98374123,      -12.74835419,      -13.30215218,       -13.5047351
          0,           0,         389,      -12.98691547,      -12.74208529,      -13.30825614,      -13.50147678
          0,           0,         390,      -12.98910559,      -12.73487506,      -13.31142684,      -13.49648919
          0,           0,         391,      -12.99116963,      -12.72805405,      -13.31326393,      -13.49116858
          0,           0,         392,      -12.99369829,      -12.72243003,      -13.31488455,      -13.48655244
          0,           0,         393,      -12.99711588,      -12.71848652,      -13.31685599,      -13.48327359
          0,           0,         394,      -13.00173868,      -12.71652364,      -13.31951965,      -13.48170563
