"Time_Iter","Outer_Iter","Inner_Iter",    "rms[Rho]"    ,    "rms[RhoU]"   ,    "rms[RhoV]"   ,    "rms[RhoE]"   
          0,           0,           0,      -4.237896263,      -4.185586811,      -4.827560511,      -3.641516267
          0,           0,           1,      -4.693554933,      -4.562817322,       -4.39395297,      -4.091286822
          0,           0,           2,      -4.598373647,      -4.524037332,      -4.503485071,      -4.011509812
          0,           0,           3,      -4.542602537,      -4.522263283,      -4.656696908,       -3.96561796
          0,           0,           4,      -4.592361992,      -4.658082387,      -4.605731606,      -4.021712174
          0,           0,           5,      -4.567922082,      -4.600487622,      -4.596502073,      -3.988947203
          0,           0,           6,      -4.545809371,      -4.541601131,      -4.589372445,      -3.963408285
          0,           0,           7,      -4.538532958,      -4.542761067,      -4.615082718,      -3.959819229
          0,           0,           8,      -4.533647621,      -4.547575892,       -4.66103462,       -3.96117698
          0,           0,           9,      -4.525431225,      -4.559306062,      -4.650926089,      -3.957109109
          0,           0,          10,      -4.513860846,      -4.561864996,      -4.621275192,      -3.944867214
          0,           0,          11,       -4.50444704,      -4.546330732,      -4.615517524,      -3.934782473
          0,           0,          12,      -4.491537969,      -4.521826366,      -4.641623159,      -3.922714506
          0,           0,          13,      -4.486230685,      -4.516326133,      -4.657405422,      -3.918546148
          0,           0,          14,      -4.490796554,      -4.544322605,      -4.661701343,      -3.924374718
          0,           0,          15,       -4.49964774,      -4.594428527,      -4.679952542,      -3.935655179
          0,           0,          16,      -4.508407481,      -4.636007117,      -4.707070886,      -3.947197861
          0,           0,          17,       -4.51465772,      -4.649404717,      -4.729491479,      -3.954363261
          0,           0,          18,      -4.519109049,      -4.648826713,      -4.750678483,      -3.957604787
          0,           0,          19,       -4.52803298,      -4.662569525,      -4.765760408,      -3.965767857
          0,           0,          20,      -4.539880433,      -4.698139266,       -4.77640126,      -3.978952352
          0,           0,          21,      -4.548467577,      -4.739545991,      -4.793609833,      -3.990135013
          0,           0,          22,       -4.55398545,      -4.768233337,      -4.814178172,       -3.99780217
          0,           0,          23,      -4.557953804,      -4.775806673,        -4.8312037,      -4.002413903
          0,           0,          24,      -4.560048618,      -4.765939811,      -4.843041116,      -4.003936168
          0,           0,          25,      -4.558440689,       -4.74874465,      -4.849280876,      -4.001551377
          0,           0,          26,      -4.552456879,      -4.730632211,       -4.85055358,      -3.995287714
          0,           0,          27,      -4.542637271,      -4.712047525,      -4.848791145,      -3.985662654
          0,           0,          28,      -4.530212797,      -4.692325176,      -4.846415656,      -3.973613847
          0,           0,          29,      -4.515195293,       -4.67136668,      -4.844066984,      -3.958925631
          0,           0,          30,      -4.499980486,      -4.649947178,      -4.842017026,       -3.94423514
          0,           0,          31,      -4.484654595,      -4.630316083,      -4.839466198,      -3.929978488
          0,           0,          32,      -4.465856459,      -4.614111082,      -4.837278011,       -3.91228058
          0,           0,          33,      -4.444795512,      -4.600250836,      -4.835667653,      -3.891133473
          0,           0,          34,      -4.423887866,      -4.590073242,      -4.835212618,      -3.869388094
          0,           0,          35,      -4.407472981,      -4.586576637,      -4.838955774,      -3.852255884
          0,           0,          36,      -4.394923832,      -4.586896722,      -4.843616077,      -3.840078457
          0,           0,          37,      -4.384476483,      -4.590547636,      -4.851572313,      -3.830211705
          0,           0,          38,      -4.375834032,      -4.596542128,      -4.867304617,      -3.821619799
          0,           0,          39,       -4.36894091,      -4.600226948,      -4.890717416,      -3.814106048
          0,           0,          40,      -4.369860234,      -4.605760481,      -4.910847524,      -3.813653108
          0,           0,          41,      -4.377627632,       -4.61924947,      -4.920594864,      -3.820472897
          0,           0,          42,      -4.389853421,      -4.642763931,      -4.924690059,      -3.832266974
          0,           0,          43,      -4.400717275,      -4.665595439,      -4.923882693,      -3.842155244
          0,           0,          44,      -4.414992201,      -4.684217745,      -4.921736707,      -3.854777312
          0,           0,          45,      -4.435042335,       -4.70324468,      -4.922632502,      -3.873259794
          0,           0,          46,      -4.455099801,      -4.724300024,      -4.928860914,      -3.893292649
          0,           0,          47,      -4.468991086,      -4.738965829,       -4.93852748,      -3.907803618
          0,           0,          48,      -4.480157195,      -4.744547304,      -4.951429425,      -3.918655886
          0,           0,          49,      -4.496326593,      -4.753593047,      -4.967471003,      -3.933862519
          0,           0,          50,      -4.513724145,      -4.774193767,      -4.987533695,      -3.950923431
          0,           0,          51,      -4.534003267,      -4.799764522,      -5.005493321,      -3.971535669
          0,           0,          52,      -4.554091552,      -4.820660094,      -5.019688674,      -3.992476006
          0,           0,          53,      -4.574404493,      -4.839092445,      -5.034121189,      -4.013543243
          0,           0,          54,      -4.593714869,       -4.85738478,      -5.050346402,      -4.033285533
          0,           0,          55,       -4.61203652,       -4.87601181,      -5.070468983,       -4.05169096
          0,           0,          56,      -4.632504716,      -4.895968718,      -5.093100856,      -4.072190894
          0,           0,          57,      -4.654012693,      -4.919333735,      -5.117149768,      -4.093827645
          0,           0,          58,      -4.677454508,      -4.948123065,        -5.1416993,      -4.117631323
          0,           0,          59,      -4.701352816,      -4.981607605,      -5.167102281,      -4.141813997
          0,           0,          60,      -4.725951832,      -5.018443769,      -5.193562949,      -4.166591406
          0,           0,          61,      -4.750866115,      -5.056061893,       -5.21965191,      -4.191757883
          0,           0,          62,      -4.776353102,       -5.09221321,      -5.244074861,      -4.217632857
          0,           0,          63,      -4.802221278,      -5.125166652,      -5.266044189,      -4.243864147
          0,           0,          64,       -4.82892915,       -5.15525559,      -5.285481749,      -4.270949609
          0,           0,          65,      -4.857402687,      -5.181764291,      -5.302754313,       -4.29994312
          0,           0,          66,      -4.885944642,       -5.20278362,      -5.318829998,      -4.328954483
          0,           0,          67,      -4.914132459,      -5.218438241,      -5.333954269,      -4.357531192
          0,           0,          68,      -4.941715251,      -5.229440968,      -5.348621241,      -4.385608811
          0,           0,          69,      -4.967971151,      -5.237392681,      -5.363600143,      -4.412520181
          0,           0,          70,      -4.991736971,      -5.243647758,       -5.38024271,      -4.437019471
          0,           0,          71,      -5.012459659,      -5.249363592,      -5.399445339,      -4.458564445
          0,           0,          72,      -5.029956153,      -5.255347564,      -5.421044069,      -4.476968291
          0,           0,          73,      -5.044370452,      -5.261935606,        -5.4441238,      -4.492294345
          0,           0,          74,      -5.056206942,      -5.269152003,      -5.467560407,      -4.504932107
          0,           0,          75,      -5.066095995,       -5.27688255,       -5.49031192,      -4.515424391
          0,           0,          76,      -5.074792073,      -5.284983098,      -5.511487802,      -4.524489943
          0,           0,          77,      -5.083101102,      -5.293354744,      -5.530785539,      -4.532933094
          0,           0,          78,      -5.091593948,      -5.301968214,      -5.548457013,      -4.541322433
          0,           0,          79,       -5.10075389,      -5.310870724,      -5.564439332,      -4.550205083
          0,           0,          80,       -5.11106628,      -5.320294868,      -5.578948391,      -4.560118184
          0,           0,          81,      -5.122938004,      -5.330691809,      -5.592831645,      -4.571488189
          0,           0,          82,      -5.136597782,      -5.342666825,      -5.606705017,      -4.584593166
          0,           0,          83,      -5.151976836,      -5.356767927,      -5.620718167,      -4.599452417
          0,           0,          84,      -5.168808799,       -5.37337398,      -5.634898752,      -4.615884254
          0,           0,          85,      -5.186531476,      -5.392719293,      -5.649315579,      -4.633431209
          0,           0,          86,      -5.204047122,      -5.414969116,       -5.66360593,      -4.651102512
          0,           0,          87,      -5.219808328,      -5.440177803,      -5.677252119,      -4.667375437
          0,           0,          88,       -5.23247358,      -5.468277541,       -5.68990672,      -4.680906209
          0,           0,          89,      -5.240872776,      -5.499023607,      -5.701157345,      -4.690447477
          0,           0,          90,      -5.244245032,      -5.531832249,      -5.710686362,      -4.695061605
          0,           0,          91,      -5.242535113,      -5.565617854,      -5.718492707,      -4.694476044
          0,           0,          92,      -5.236359105,      -5.598727519,       -5.72470739,      -4.689110961
          0,           0,          93,      -5.226727588,      -5.628856007,       -5.72956422,      -4.679872084
          0,           0,          94,      -5.214737807,      -5.653351564,      -5.732758335,      -4.667861364
          0,           0,          95,      -5.201641812,      -5.669825522,       -5.73445202,      -4.654406626
          0,           0,          96,      -5.188457955,      -5.677056039,      -5.735215053,      -4.640606791
          0,           0,          97,      -5.175934698,      -5.675488628,      -5.735450265,      -4.627309131
          0,           0,          98,       -5.16458333,      -5.666897011,      -5.735470389,      -4.615104549
          0,           0,          99,      -5.154870209,      -5.653141691,      -5.736754789,      -4.604510161
          0,           0,         100,      -5.147687344,      -5.638018755,      -5.738882745,      -4.596424824
          0,           0,         101,      -5.144524228,      -5.625288906,      -5.741375157,      -4.592409319
          0,           0,         102,      -5.144339144,      -5.616331119,      -5.743919888,      -4.591398892
          0,           0,         103,      -5.146682478,      -5.610907436,      -5.747377706,      -4.592949957
          0,           0,         104,      -5.151009045,      -5.608819576,      -5.752206002,      -4.596517241
          0,           0,         105,      -5.157865449,      -5.608969406,      -5.758532071,      -4.602713387
          0,           0,         106,      -5.166295813,      -5.609099497,      -5.766980274,      -4.610426166
          0,           0,         107,      -5.177651793,      -5.610950305,      -5.778780527,      -4.620718921
          0,           0,         108,      -5.192021083,      -5.615862836,      -5.794568791,      -4.633808432
          0,           0,         109,      -5.209010957,      -5.623397987,      -5.813540875,      -4.649700793
          0,           0,         110,      -5.228257399,      -5.632419263,      -5.831913886,        -4.6680971
          0,           0,         111,      -5.249931419,      -5.643995256,      -5.850256872,      -4.689046314
          0,           0,         112,       -5.27417664,      -5.658646032,      -5.869446013,      -4.712713774
          0,           0,         113,      -5.300707106,      -5.676220861,      -5.889854013,      -4.738838803
          0,           0,         114,      -5.329554966,       -5.69616383,      -5.911557669,      -4.767530622
          0,           0,         115,      -5.360234099,      -5.717933281,      -5.933976993,      -4.798278226
          0,           0,         116,      -5.392098515,      -5.740530747,      -5.956244832,      -4.830388852
          0,           0,         117,      -5.424775684,      -5.763238107,      -5.977601754,      -4.863477333
          0,           0,         118,      -5.458400082,      -5.786376636,      -5.998005015,      -4.897741717
          0,           0,         119,      -5.492351189,      -5.809715458,      -6.017243958,      -4.932548888
          0,           0,         120,      -5.525887453,      -5.832892163,      -6.035214405,      -4.967141704
          0,           0,         121,      -5.558260643,      -5.855613475,      -6.051867268,      -5.000724273
          0,           0,         122,      -5.589531504,      -5.877784136,      -6.067182711,      -5.033374901
          0,           0,         123,      -5.618479975,      -5.899352584,      -6.081659994,      -5.063683272
          0,           0,         124,      -5.644253543,      -5.920193718,      -6.095373562,      -5.090647657
          0,           0,         125,      -5.666967658,       -5.94015545,      -6.108272698,      -5.114345457
          0,           0,         126,      -5.687006692,      -5.959241731,      -6.120780443,      -5.135133554
          0,           0,         127,      -5.704890628,      -5.977530466,      -6.133176225,      -5.153545962
          0,           0,         128,      -5.721030176,       -5.99503079,      -6.145583289,       -5.17002933
          0,           0,         129,      -5.735650931,      -6.011694303,       -6.15800959,      -5.184866848
          0,           0,         130,      -5.748811804,      -6.027489304,      -6.170303685,      -5.198174787
          0,           0,         131,      -5.760327956,      -6.042461955,      -6.182282705,       -5.20979899
          0,           0,         132,      -5.769819014,      -6.056717243,      -6.193733711,      -5.219364623
          0,           0,         133,      -5.776862811,      -6.070355979,      -6.204477287,      -5.226439826
          0,           0,         134,      -5.781084764,      -6.083427588,      -6.214431972,      -5.230629445
          0,           0,         135,      -5.782367167,      -6.095956992,      -6.223698877,      -5.231793799
          0,           0,         136,       -5.78083525,      -6.107907392,      -6.231924472,      -5.230034026
          0,           0,         137,      -5.776952384,      -6.119225399,       -6.23921904,      -5.225812042
          0,           0,         138,      -5.771366689,      -6.129868071,      -6.245600616,      -5.219792764
          0,           0,         139,        -5.7648498,      -6.139739164,      -6.251130502,      -5.212774705
          0,           0,         140,      -5.758289956,      -6.148788047,      -6.255834684,      -5.205675823
          0,           0,         141,      -5.752572766,      -6.157082049,       -6.25930066,      -5.199421469
          0,           0,         142,       -5.74790693,       -6.16540531,      -6.263106417,      -5.194217083
          0,           0,         143,      -5.744689483,      -6.173748423,      -6.267477504,      -5.190461624
          0,           0,         144,      -5.743303252,      -6.181842366,      -6.272603677,      -5.188585016
          0,           0,         145,       -5.74383387,      -6.189888541,      -6.278610048,      -5.188674705
          0,           0,         146,      -5.746321874,      -6.197760762,      -6.285398255,      -5.190774273
          0,           0,         147,      -5.750750284,      -6.205391495,      -6.292932035,        -5.1948677
          0,           0,         148,      -5.757002076,      -6.212855743,       -6.30081752,      -5.200829775
          0,           0,         149,      -5.764821452,      -6.220640065,      -6.309314983,      -5.208377138
          0,           0,         150,      -5.774137839,      -6.228576775,      -6.318318953,      -5.217455986
          0,           0,         151,      -5.784802286,      -6.236641569,      -6.327522237,      -5.227919807
          0,           0,         152,      -5.796828766,      -6.245099106,      -6.336858756,      -5.239802679
          0,           0,         153,      -5.810242546,      -6.253913283,      -6.346336373,      -5.253146043
          0,           0,         154,       -5.82415855,      -6.262328912,       -6.35584811,      -5.266985595
          0,           0,         155,      -5.838290133,      -6.270765896,      -6.365270598,      -5.280982407
          0,           0,         156,      -5.852412387,       -6.27937933,      -6.374717636,      -5.294973635
          0,           0,         157,      -5.866250791,      -6.288298993,      -6.384502274,      -5.308727697
          0,           0,         158,      -5.879588301,      -6.297591933,      -6.394847539,      -5.322033182
          0,           0,         159,      -5.892296779,       -6.30727767,      -6.405723611,      -5.334757837
          0,           0,         160,      -5.904297089,      -6.317390092,       -6.41717008,       -5.34681993
          0,           0,         161,      -5.915565292,      -6.327992136,       -6.42917956,      -5.358197925
          0,           0,         162,       -5.92611698,       -6.33921236,      -6.441666498,      -5.368904575
          0,           0,         163,      -5.936353497,      -6.351734493,      -6.453768933,      -5.379309509
          0,           0,         164,      -5.945968718,       -6.36468469,      -6.465448181,      -5.389097697
          0,           0,         165,       -5.95532031,      -6.378408879,      -6.477465156,      -5.398543844
          0,           0,         166,      -5.964708281,      -6.392952395,      -6.489888166,      -5.408021339
          0,           0,         167,      -5.974599721,      -6.408525374,      -6.502511745,      -5.418126896
          0,           0,         168,      -5.984937671,      -6.425335525,      -6.514874826,      -5.428756228
          0,           0,         169,      -5.995881033,      -6.443366895,      -6.526812281,      -5.440021311
          0,           0,         170,      -6.007555843,       -6.46251359,      -6.538380402,      -5.452032267
          0,           0,         171,      -6.020043171,      -6.482575181,      -6.549641415,      -5.464863699
          0,           0,         172,      -6.033386677,      -6.503300739,       -6.56045171,       -5.47854862
          0,           0,         173,      -6.047585936,      -6.524415814,      -6.570947584,      -5.493080692
          0,           0,         174,      -6.062588912,      -6.545725856,      -6.581017658,      -5.508401008
          0,           0,         175,      -6.078308978,      -6.567042402,      -6.590787798,      -5.524412319
          0,           0,         176,      -6.094571253,      -6.588144621,      -6.600421579,      -5.540947883
          0,           0,         177,      -6.111130203,      -6.608608527,      -6.610047595,      -5.557778386
          0,           0,         178,      -6.127759757,      -6.628246727,      -6.620114567,       -5.57465777
          0,           0,         179,      -6.144258544,      -6.647011122,      -6.630814208,      -5.591365974
          0,           0,         180,      -6.160389616,      -6.664813526,      -6.642246666,      -5.607688932
          0,           0,         181,      -6.175884452,      -6.681560465,      -6.654473453,      -5.623382585
          0,           0,         182,      -6.190514839,      -6.697170544,      -6.667653675,      -5.638230797
          0,           0,         183,      -6.204098823,      -6.711629169,      -6.681985183,      -5.652063294
          0,           0,         184,      -6.216525774,      -6.725006267,      -6.697030935,      -5.664781674
          0,           0,         185,      -6.227788822,      -6.737394605,      -6.712150953,      -5.676380305
          0,           0,         186,      -6.237942785,      -6.748858101,      -6.727073918,      -5.686898356
          0,           0,         187,      -6.247089574,      -6.759469868,      -6.741752033,      -5.696425802
          0,           0,         188,      -6.255364697,      -6.769416652,      -6.755970212,       -5.70508587
          0,           0,         189,      -6.262905674,      -6.778829216,      -6.769326772,      -5.712996459
          0,           0,         190,      -6.269893707,      -6.787800905,      -6.781311637,      -5.720323694
          0,           0,         191,      -6.276513763,      -6.796347852,      -6.791590862,      -5.727234014
          0,           0,         192,       -6.28294744,      -6.804419773,      -6.800289872,      -5.733893862
          0,           0,         193,      -6.289328404,      -6.811965732,      -6.807305583,      -5.740418538
          0,           0,         194,      -6.295750566,      -6.818855193,      -6.812927662,      -5.746892459
          0,           0,         195,      -6.302274191,      -6.824991434,      -6.817430662,      -5.753379056
          0,           0,         196,      -6.308947021,      -6.830317973,      -6.821273031,       -5.75992547
          0,           0,         197,      -6.315807196,       -6.83479599,       -6.82495103,      -5.766573366
          0,           0,         198,      -6.322832008,      -6.838418893,      -6.828790424,      -5.773308856
          0,           0,         199,      -6.329996259,      -6.841256196,      -6.833017019,      -5.780122799
          0,           0,         200,       -6.33731133,      -6.843422796,      -6.837827555,      -5.787048987
          0,           0,         201,      -6.344681981,      -6.845091981,      -6.843501183,       -5.79399881
          0,           0,         202,      -6.352020165,      -6.846450179,      -6.850102128,      -5.800901486
          0,           0,         203,       -6.35923471,      -6.847668668,      -6.857683772,      -5.807685272
          0,           0,         204,      -6.366268377,      -6.848925273,      -6.866127514,      -5.814310635
          0,           0,         205,        -6.3730752,      -6.850407914,      -6.875452331,      -5.820741447
          0,           0,         206,      -6.379606309,      -6.852303957,      -6.885771431,      -5.826936185
          0,           0,         207,      -6.385818284,      -6.854766699,      -6.896969815,      -5.832862113
          0,           0,         208,      -6.391740101,      -6.857931174,      -6.908710057,       -5.83855445
          0,           0,         209,      -6.397413603,      -6.861875002,      -6.920665002,       -5.84404916
          0,           0,         210,      -6.402905371,      -6.866636316,      -6.932546973,      -5.849404425
          0,           0,         211,      -6.408321011,       -6.87225187,      -6.944178149,      -5.854717957
          0,           0,         212,      -6.413776496,      -6.878739282,      -6.955362782,      -5.860098446
          0,           0,         213,      -6.419375559,      -6.886092185,       -6.96576327,      -5.865638754
          0,           0,         214,      -6.425235974,      -6.894265552,      -6.975306904,      -5.871446982
          0,           0,         215,      -6.431482585,      -6.903217206,      -6.983962131,      -5.877642871
          0,           0,         216,      -6.438215912,       -6.91291034,      -6.991912196,      -5.884320069
          0,           0,         217,      -6.445542853,      -6.923303282,      -6.999212636,      -5.891580122
          0,           0,         218,      -6.453558873,      -6.934337755,      -7.006077042,      -5.899514546
          0,           0,         219,      -6.462329251,      -6.945948815,      -7.012668337,      -5.908190458
          0,           0,         220,      -6.471902723,      -6.958076609,      -7.019228106,      -5.917659189
          0,           0,         221,      -6.482307678,      -6.970662492,       -7.02602152,      -5.927944763
          0,           0,         222,      -6.493557872,      -6.983672871,      -7.033696281,      -5.939067653
          0,           0,         223,      -6.505648551,      -6.997097946,      -7.042353723,      -5.951036495
          0,           0,         224,      -6.518547511,      -7.010916307,      -7.051938317,      -5.963825105
          0,           0,         225,      -6.532205504,      -7.025096945,      -7.062524967,      -5.977385676
          0,           0,         226,       -6.54658852,       -7.03963882,       -7.07427257,      -5.991692612
          0,           0,         227,      -6.561628946,      -7.054563335,      -7.087274678,      -6.006687105
          0,           0,         228,      -6.577240425,      -7.069904907,      -7.101544873,      -6.022288219
          0,           0,         229,      -6.593328019,      -7.085695539,      -7.116996594,       -6.03840611
          0,           0,         230,      -6.609792817,      -7.101972871,       -7.13351421,      -6.054948638
          0,           0,         231,      -6.626540393,      -7.118789612,      -7.150948495,      -6.071831024
          0,           0,         232,      -6.643478897,      -7.136199763,      -7.169051797,       -6.08896307
          0,           0,         233,      -6.660522053,      -7.154253798,       -7.18767194,      -6.106255228
          0,           0,         234,       -6.67757444,      -7.172993277,      -7.206584034,      -6.123609624
          0,           0,         235,      -6.694543729,      -7.192438773,      -7.225571316,      -6.140929997
          0,           0,         236,      -6.711378436,      -7.212589121,      -7.244331938,      -6.158165062
          0,           0,         237,      -6.727993722,      -7.233376068,      -7.262380651,       -6.17521747
          0,           0,         238,      -6.744358311,      -7.254729153,       -7.27959003,      -6.192041371
          0,           0,         239,       -6.76043087,       -7.27657226,      -7.295902221,       -6.20858252
          0,           0,         240,       -6.77621235,      -7.298831149,      -7.311223932,      -6.224832816
          0,           0,         241,      -6.791709651,      -7.321383381,      -7.325584253,      -6.240786448
          0,           0,         242,      -6.806911293,      -7.344075794,      -7.339019578,      -6.256419736
          0,           0,         243,       -6.82188439,      -7.366715912,      -7.351318243,      -6.271793394
          0,           0,         244,       -6.83667417,      -7.389080668,      -7.362734156,      -6.286935512
          0,           0,         245,      -6.851309992,      -7.410950069,      -7.373773987,      -6.301864017
          0,           0,         246,      -6.865854535,      -7.432168609,      -7.384888722,      -6.316641608
          0,           0,         247,      -6.880328206,      -7.452616914,       -7.39626452,      -6.331287394
          0,           0,         248,      -6.894766644,      -7.472152114,      -7.407921737,      -6.345842093
          0,           0,         249,      -6.909189419,       -7.49067748,      -7.419900698,      -6.360325806
          0,           0,         250,      -6.923559796,      -7.508180799,       -7.43233023,      -6.374705685
          0,           0,         251,      -6.937848687,      -7.524699756,      -7.445269031,      -6.388966177
          0,           0,         252,      -6.952058214,      -7.540349162,      -7.458714784,      -6.403119313
          0,           0,         253,      -6.966173625,      -7.555241167,      -7.472607072,      -6.417152664
          0,           0,         254,      -6.980192269,      -7.569541835,      -7.486957581,      -6.431076462
          0,           0,         255,      -6.994065767,        -7.5834387,      -7.501799536,      -6.444849784
          0,           0,         256,      -7.007768053,      -7.597112542,      -7.517050775,      -6.458461478
          0,           0,         257,      -7.021285984,      -7.610762138,      -7.532437644,      -6.471907547
          0,           0,         258,      -7.034604473,      -7.624546877,      -7.547749158,      -6.485176913
          0,           0,         259,       -7.04774258,      -7.638581942,      -7.562823435,      -6.498293991
          0,           0,         260,      -7.060721846,      -7.652936536,      -7.577605527,      -6.511277465
          0,           0,         261,      -7.073556588,      -7.667622428,      -7.592107582,      -6.524138556
          0,           0,         262,      -7.086257939,       -7.68261102,       -7.60630219,      -6.536890937
          0,           0,         263,       -7.09884378,       -7.69783054,      -7.620010318,      -6.549552514
          0,           0,         264,      -7.111358835,      -7.713154447,      -7.633173212,      -6.562158676
          0,           0,         265,      -7.123837119,      -7.728419843,       -7.64580356,      -6.574733512
          0,           0,         266,      -7.136283269,      -7.743527306,      -7.657917036,      -6.587275647
          0,           0,         267,      -7.148736545,      -7.758402431,      -7.669683037,      -6.599819351
          0,           0,         268,      -7.161213541,      -7.772933739,      -7.681292664,      -6.612370173
          0,           0,         269,      -7.173730769,       -7.78700573,      -7.692843416,      -6.624936862
          0,           0,         270,      -7.186286963,      -7.800475242,      -7.704448819,      -6.637512221
          0,           0,         271,      -7.198884423,      -7.813210317,      -7.716211352,      -6.650096877
          0,           0,         272,      -7.211532914,      -7.825132445,      -7.728214074,      -6.662698383
          0,           0,         273,      -7.224241614,      -7.836196044,      -7.740478955,      -6.675322199
          0,           0,         274,      -7.237007198,      -7.846370423,      -7.753078607,      -6.687967595
          0,           0,         275,      -7.249804785,      -7.855692271,      -7.766003103,      -6.700614846
          0,           0,         276,      -7.262625751,      -7.864261425,      -7.779259279,      -6.713263656
          0,           0,         277,       -7.27547174,      -7.872202781,       -7.79288971,      -6.725919263
          0,           0,         278,      -7.288344152,      -7.879650164,      -7.806925855,      -6.738585741
          0,           0,         279,       -7.30123475,      -7.886736846,      -7.821360647,      -6.751260153
          0,           0,         280,      -7.314134216,      -7.893596226,      -7.836146582,      -6.763942965
          0,           0,         281,       -7.32704958,      -7.900384611,      -7.851098563,      -6.776646984
          0,           0,         282,      -7.340008476,      -7.907254623,      -7.866267647,      -6.789399958
          0,           0,         283,      -7.353014629,      -7.914337661,      -7.881626641,       -6.80221006
          0,           0,         284,      -7.366058443,      -7.921759235,        -7.8970578,      -6.815074882
          0,           0,         285,      -7.379128567,      -7.929604152,      -7.912467158,      -6.827981719
          0,           0,         286,      -7.392240961,      -7.937978974,       -7.92788892,      -6.840950593
          0,           0,         287,      -7.405406972,      -7.946989374,      -7.943298058,      -6.853996125
          0,           0,         288,      -7.418638673,      -7.956712788,      -7.958619325,      -6.867131587
          0,           0,         289,      -7.431947832,      -7.967207182,      -7.973769865,      -6.880368387
          0,           0,         290,        -7.4453435,      -7.978529094,      -7.988691267,      -6.893715833
          0,           0,         291,      -7.458833851,      -7.990735863,      -8.003353675,      -6.907183458
          0,           0,         292,      -7.472431558,      -8.003885809,      -8.017735907,      -6.920785352
          0,           0,         293,      -7.486151433,      -8.018024895,         -8.031777,      -6.934535229
          0,           0,         294,      -7.500010454,      -8.033189686,       -8.04554804,      -6.948448179
          0,           0,         295,      -7.514025481,       -8.04940947,      -8.059089759,      -6.962540275
          0,           0,         296,       -7.52822912,      -8.066701995,      -8.072432423,      -6.976844964
          0,           0,         297,      -7.542630183,      -8.085102892,      -8.085481313,      -6.991367928
          0,           0,         298,      -7.557219639,      -8.104642366,      -8.098340179,      -7.006097291
          0,           0,         299,      -7.572011219,      -8.125359401,      -8.111096719,      -7.021047771
          0,           0,         300,      -7.587011901,      -8.147270401,       -8.12380213,      -7.036224791
          0,           0,         301,      -7.602228915,         -8.170361,      -8.136498507,      -7.051633056
          0,           0,         302,      -7.617675995,      -8.194594086,      -8.149210369,      -7.067284445
          0,           0,         303,      -7.633319361,      -8.219900436,       -8.16196198,      -7.083140231
          0,           0,         304,      -7.649143192,      -8.246203912,      -8.174884788,       -7.09918434
          0,           0,         305,      -7.665139084,      -8.273390121,      -8.188080876,      -7.115403273
          0,           0,         306,      -7.681281906,      -8.301288638,      -8.201586217,      -7.131765908
          0,           0,         307,      -7.697533907,      -8.329653487,      -8.215387805,      -7.148231007
          0,           0,         308,      -7.713857458,      -8.358161425,      -8.229477253,       -7.16475848
          0,           0,         309,      -7.730212941,      -8.386434049,      -8.243876465,      -7.181303124
          0,           0,         310,      -7.746552083,      -8.414049545,      -8.258641507,      -7.197808432
          0,           0,         311,       -7.76280184,        -8.4405218,      -8.273769688,      -7.214196441
          0,           0,         312,      -7.778862969,      -8.465286568,      -8.289190736,      -7.230368348
          0,           0,         313,      -7.794676847,      -8.487842159,      -8.304882334,      -7.246263838
          0,           0,         314,      -7.810184293,      -8.507744137,      -8.320851845,      -7.261816532
          0,           0,         315,      -7.825314789,      -8.524677047,      -8.337070536,      -7.276951043
          0,           0,         316,      -7.840000413,      -8.538505374,      -8.353444818,      -7.291599078
          0,           0,         317,      -7.854172519,      -8.549282724,      -8.369865073,      -7.305691531
          0,           0,         318,      -7.867784501,       -8.55727635,      -8.386215453,      -7.319183999
          0,           0,         319,      -7.880775883,      -8.562905525,      -8.402416633,      -7.332015558
          0,           0,         320,      -7.893173633,      -8.566708416,      -8.418413778,       -7.34422572
          0,           0,         321,      -7.904987507,      -8.569224605,      -8.434059896,      -7.355830232
          0,           0,         322,      -7.916250018,      -8.570951064,      -8.449230624,      -7.366865963
          0,           0,         323,      -7.927009307,      -8.572336784,      -8.463826882,      -7.377387242
          0,           0,         324,      -7.937324028,       -8.57377813,      -8.477763666,       -7.38746051
          0,           0,         325,      -7.947262311,      -8.575605103,      -8.490966494,      -7.397161095
          0,           0,         326,      -7.956902763,      -8.578076532,      -8.503382103,      -7.406573205
          0,           0,         327,      -7.966330498,       -8.58138631,      -8.514988203,      -7.415785828
          0,           0,         328,      -7.975626667,      -8.585673906,       -8.52579893,      -7.424883687
          0,           0,         329,      -7.984874269,      -8.591038205,      -8.535847671,      -7.433954154
          0,           0,         330,      -7.994148961,      -8.597540174,      -8.545211953,      -7.443074724
          0,           0,         331,      -8.003524431,      -8.605215642,      -8.554001601,      -7.452319379
          0,           0,         332,      -8.013058569,       -8.61408451,      -8.562344531,       -7.46174567
          0,           0,         333,      -8.022812992,      -8.624144754,      -8.570411311,      -7.471416452
          0,           0,         334,      -8.032848033,      -8.635359596,      -8.578361725,      -7.481391227
          0,           0,         335,      -8.043202147,      -8.647674976,      -8.586307751,      -7.491706422
          0,           0,         336,      -8.053901642,      -8.661027189,      -8.594346571,      -7.502388124
          0,           0,         337,      -8.064967229,      -8.675348179,      -8.602599566,        -7.5134574
          0,           0,         338,      -8.076415137,      -8.690560095,      -8.611204802,      -7.524929609
          0,           0,         339,      -8.088252403,      -8.706563213,      -8.620294858,      -7.536809872
          0,           0,         340,      -8.100471795,      -8.723228711,      -8.629960858,      -7.549089167
          0,           0,         341,      -8.113063213,       -8.74040505,      -8.640243024,      -7.561757441
          0,           0,         342,      -8.126002811,      -8.757923846,      -8.651158392,      -7.574790642
          0,           0,         343,      -8.139265333,      -8.775607044,      -8.662738557,      -7.588162829
          0,           0,         344,      -8.152820601,      -8.793273586,      -8.674977368,      -7.601842939
          0,           0,         345,      -8.166626671,      -8.810732858,       -8.68786766,      -7.615787384
          0,           0,         346,       -8.18063433,       -8.82779097,        -8.7013924,      -7.629945434
          0,           0,         347,       -8.19478841,      -8.844265823,      -8.715515972,      -7.644260497
          0,           0,         348,       -8.20902799,      -8.859998013,      -8.730187665,      -7.658669966
          0,           0,         349,      -8.223289359,      -8.874861254,       -8.74534139,      -7.673109083
          0,           0,         350,      -8.237496222,      -8.888769036,      -8.760819244,      -7.687498712
          0,           0,         351,      -8.251578375,      -8.901665276,      -8.776566496,      -7.701763061
          0,           0,         352,      -8.265462891,      -8.913552787,      -8.792507314,       -7.71582604
          0,           0,         353,      -8.279074113,      -8.924487386,      -8.808520349,      -7.729609975
          0,           0,         354,      -8.292349686,       -8.93456149,      -8.824464755,      -7.743050797
          0,           0,         355,      -8.305225626,      -8.943900523,      -8.840206839,      -7.756080172
          0,           0,         356,      -8.317654803,       -8.95266986,      -8.855619232,      -7.768647529
          0,           0,         357,      -8.329601185,      -8.961062314,      -8.870584669,      -7.780715595
          0,           0,         358,      -8.341041519,      -8.969277915,      -8.885001524,      -7.792260608
          0,           0,         359,      -8.351974467,      -8.977518473,       -8.89877053,      -7.803281915
          0,           0,         360,      -8.362413218,      -8.985972574,      -8.911817828,      -7.813793137
          0,           0,         361,      -8.372387683,      -8.994814518,      -8.924096316,      -7.823825841
          0,           0,         362,      -8.381942732,       -9.00420339,      -8.935581352,      -7.833428003
          0,           0,         363,      -8.391133289,      -9.014276772,      -8.946270244,      -7.842657694
          0,           0,         364,      -8.400024545,      -9.025151428,      -8.956183574,      -7.851583596
          0,           0,         365,      -8.408687475,      -9.036921643,      -8.965360499,      -7.860280317
          0,           0,         366,      -8.417195252,      -9.049660658,      -8.973859811,      -7.868824728
          0,           0,         367,      -8.425620974,      -9.063417763,        -8.9817574,      -7.877293486
          0,           0,         368,      -8.434035089,      -9.078214042,      -8.989142381,      -7.885760078
          0,           0,         369,      -8.442506496,      -9.094034574,      -8.996119667,      -7.894295692
          0,           0,         370,      -8.451091926,      -9.110827441,       -9.00276987,       -7.90295772
          0,           0,         371,      -8.459833519,      -9.128514632,      -9.009181196,      -7.911790405
          0,           0,         372,      -8.468768268,      -9.146975063,      -9.015467194,      -7.920832834
          0,           0,         373,      -8.477924138,      -9.166021892,      -9.021745282,      -7.930112448
          0,           0,         374,      -8.487315131,       -9.18539311,      -9.028116478,      -7.939641341
          0,           0,         375,      -8.496940198,       -9.20475149,      -9.034654565,      -7.949416818
          0,           0,         376,      -8.506784946,      -9.223690298,      -9.041416192,      -7.959422937
          0,           0,         377,      -8.516824573,      -9.241744901,      -9.048455643,      -7.969632081
          0,           0,         378,      -8.527022096,      -9.258404083,      -9.055823886,      -7.980003025
          0,           0,         379,      -8.537328412,      -9.273139758,      -9.063560102,       -7.99048167
          0,           0,         380,      -8.547684276,       -9.28545718,      -9.071686442,      -8.001003297
          0,           0,         381,      -8.558022414,      -9.294958084,      -9.080210465,      -8.011494378
          0,           0,         382,      -8.568269581,      -9.301399011,      -9.089129325,      -8.021874533
          0,           0,         383,      -8.578349055,      -9.304730857,      -9.098430277,      -8.032059489
          0,           0,         384,      -8.588183358,      -9.305110087,      -9.108088768,      -8.041964274
          0,           0,         385,      -8.597698821,      -9.302875395,      -9.118066968,      -8.051508285
          0,           0,         386,      -8.606826839,      -9.298494745,      -9.128308976,       -8.06061808
          0,           0,         387,      -8.615509842,      -9.292498502,      -9.138744827,       -8.06923229
          0,           0,         388,      -8.623705885,      -9.285421646,      -9.149299641,      -8.077306945
          0,           0,         389,      -8.631389877,      -9.277766063,      -9.159893812,      -8.084817578
          0,           0,         390,       -8.63855531,      -9.269975379,      -9.170440546,      -8.091761109
          0,           0,         391,      -8.645215828,      -9.262421415,      -9.180848393,      -8.098156794
          0,           0,         392,      -8.651405188,      -9.255402456,      -9.191028946,      -8.104045455
          0,           0,         393,      -8.657175422,      -9.249150001,      -9.200904584,       -8.10948716
          0,           0,         394,      -8.662593906,      -9.243839001,       -9.21041278,      -8.114557883
          0,           0,         395,      -8.667739988,      -9.239598245,      -9.219507793,      -8.119345594
          0,           0,         396,      -8.672701397,      -9.236519196,      -9.228162061,      -8.123946135
          0,           0,         397,      -8.677570523,      -9.234663793,      -9.236367986,      -8.128459174
          0,           0,         398,      -8.682440848,      -9.234071411,      -9.244139112,       -8.13298451
          0,           0,         399,      -8.687403803,      -9.234764745,      -9.251509595,      -8.137618929
          0,           0,         400,      -8.692546228,      -9.236754217,      -9.258531906,      -8.142453695
          0,           0,         401,      -8.697948424,      -9.240041177,      -9.265273399,      -8.147572683
          0,           0,         402,      -8.703682746,      -9.244620425,      -9.271812402,      -8.153051081
          0,           0,         403,      -8.709812651,       -9.25048226,      -9.278234136,      -8.158954578
          0,           0,         404,      -8.716392151,      -9.257614103,      -9.284626688,      -8.165338944
          0,           0,         405,      -8.723465582,      -9.266001329,      -9.291077256,       -8.17224991
          0,           0,         406,      -8.731067611,      -9.275627726,      -9.297668932,      -8.179723253
          0,           0,         407,      -8.739223406,      -9.286475596,      -9.304478194,      -8.187785038
          0,           0,         408,      -8.747948911,      -9.298525517,       -9.31157311,      -8.196451933
          0,           0,         409,      -8.757251177,      -9.311755979,      -9.319012222,      -8.205731559
          0,           0,         410,      -8.767129635,      -9.326142704,      -9.326844426,      -8.215623754
          0,           0,         411,      -8.777574241,      -9.341657288,      -9.335107837,      -8.226118563
          0,           0,         412,       -8.78856635,      -9.358265717,      -9.343828938,      -8.237197422
          0,           0,         413,       -8.80008049,      -9.375927191,      -9.353025288,      -8.248834786
          0,           0,         414,      -8.812084379,      -9.394591843,      -9.362708252,      -8.260997672
          0,           0,         415,      -8.824536969,      -9.414198695,      -9.372880143,      -8.273643523
          0,           0,         416,       -8.83738806,      -9.434675444,      -9.383540031,      -8.286720267
          0,           0,         417,      -8.850594895,      -9.455918446,      -9.394694545,      -8.300183034
          0,           0,         418,      -8.864096695,      -9.477801809,      -9.406304599,      -8.313966629
          0,           0,         419,       -8.87782381,      -9.500178764,      -9.418319415,      -8.327997989
          0,           0,         420,      -8.891706528,      -9.522879699,      -9.430697253,      -8.342203269
          0,           0,         421,       -8.90567085,      -9.545707627,      -9.443407423,      -8.356502262
          0,           0,         422,      -8.919638743,      -9.568433039,      -9.456417866,      -8.370809123
          0,           0,         423,      -8.933530155,       -9.59079292,      -9.469680699,      -8.385035849
          0,           0,         424,      -8.947265035,      -9.612503347,      -9.483130905,      -8.399094577
          0,           0,         425,      -8.960766174,      -9.633277589,      -9.496694494,      -8.412900163
          0,           0,         426,      -8.973962591,      -9.652846575,      -9.510295722,      -8.426373739
          0,           0,         427,      -8.986792635,      -9.670981963,      -9.523860251,      -8.439446474
          0,           0,         428,      -8.999206743,      -9.687519609,      -9.537315618,      -8.452062989
          0,           0,         429,      -9.011169735,      -9.702378101,      -9.550591879,      -8.464184007
          0,           0,         430,      -9.022662508,      -9.715568397,      -9.563623023,      -8.475788158
          0,           0,         431,      -9.033682832,      -9.727192095,      -9.576348609,      -8.486872826
          0,           0,         432,      -9.044245124,      -9.737430612,      -9.588715648,      -8.497453915
          0,           0,         433,      -9.054379346,      -9.746526564,      -9.600680774,      -8.507564618
          0,           0,         434,      -9.064129178,      -9.754760851,      -9.612212512,       -8.51725335
          0,           0,         435,      -9.073549583,      -9.762429162,      -9.623293023,      -8.526580985
          0,           0,         436,      -9.082703971,      -9.769821452,      -9.633918936,      -8.535617654
          0,           0,         437,      -9.091661201,      -9.777207305,      -9.644101331,      -8.544439386
          0,           0,         438,      -9.100492631,      -9.784827063,      -9.653865038,      -8.553124813
          0,           0,         439,      -9.109276017,       -9.79288396,       -9.66325597,      -8.561759243
          0,           0,         440,      -9.118083568,      -9.801540767,      -9.672304996,      -8.570419766
          0,           0,         441,      -9.126970232,      -9.810944536,        -9.6810413,      -8.579167561
          0,           0,         442,      -9.135990015,      -9.821223109,      -9.689528522,      -8.588064219
          0,           0,         443,      -9.145195311,      -9.832463313,      -9.697857157,       -8.59716675
          0,           0,         444,      -9.154628846,       -9.84470919,      -9.706120539,          -8.60652
          0,           0,         445,       -9.16432281,       -9.85796917,      -9.714387623,      -8.616158498
          0,           0,         446,      -9.174301249,      -9.872227085,      -9.722702145,      -8.626109245
          0,           0,         447,      -9.184576927,      -9.887447557,        -9.7311054,      -8.636386448
          0,           0,         448,      -9.195157577,      -9.903572389,      -9.739645112,      -8.646998179
          0,           0,         449,      -9.206042818,      -9.920511903,      -9.748378357,      -8.657942963
          0,           0,         450,      -9.217221573,      -9.938135728,      -9.757351529,      -8.669207958
          0,           0,         451,      -9.228673397,      -9.956266373,      -9.766592559,      -8.680770673
          0,           0,         452,       -9.24037097,       -9.97467519,      -9.776119753,      -8.692600881
          0,           0,         453,      -9.252280985,      -9.993082145,      -9.785951664,      -8.704661009
          0,           0,         454,      -9.264363639,      -10.01115848,      -9.796108074,      -8.716905839
          0,           0,         455,      -9.276572702,      -10.02853321,      -9.806602958,      -8.729283093
          0,           0,         456,      -9.288856483,      -10.04480753,       -9.81743803,      -8.741734614
          0,           0,         457,      -9.301159367,      -10.05958003,      -9.828602342,      -8.754197869
          0,           0,         458,      -9.313423817,       -10.0724825,      -9.840075942,      -8.766607982
          0,           0,         459,      -9.325591255,      -10.08322362,       -9.85183338,      -8.778899149
          0,           0,         460,      -9.337604231,      -10.09162788,      -9.863841917,      -8.791007445
          0,           0,         461,       -9.34940904,      -10.09766243,      -9.876063111,       -8.80287372
          0,           0,         462,      -9.360958143,      -10.10144425,      -9.888453367,      -8.814446169
          0,           0,         463,      -9.372211715,      -10.10322433,      -9.900964029,      -8.825682084
          0,           0,         464,      -9.383139343,      -10.10335403,      -9.913541009,      -8.836549869
          0,           0,         465,      -9.393721804,      -10.10224261,      -9.926125189,      -8.847030961
          0,           0,         466,      -9.403952284,      -10.10031639,       -9.93865482,       -8.85712088
          0,           0,         467,      -9.413836838,      -10.09798644,       -9.95106909,      -8.866829445
          0,           0,         468,       -9.42339411,       -10.0956269,      -9.963311183,      -8.876180282
          0,           0,         469,      -9.432654346,      -10.09356253,      -9.975330123,      -8.885209609
          0,           0,         470,      -9.441657966,      -10.09206443,      -9.987081876,      -8.893964504
          0,           0,         471,      -9.450453821,      -10.09135178,      -9.998530576,      -8.902500791
          0,           0,         472,      -9.459097231,      -10.09159741,      -10.00965008,      -8.910880751
          0,           0,         473,      -9.467647855,      -10.09293533,      -10.02042549,      -8.919170743
          0,           0,         474,      -9.476167536,      -10.09546743,        -10.030854,       -8.92743887
          0,           0,         475,      -9.484718277,      -10.09927001,      -10.04094505,       -8.93575283
          0,           0,         476,      -9.493360426,      -10.10439898,      -10.05071966,      -8.944177988
          0,           0,         477,      -9.502151118,       -10.1108946,       -10.0602093,      -8.952775791
          0,           0,         478,      -9.511142982,      -10.11878454,      -10.06945442,      -8.961602449
          0,           0,         479,      -9.520383112,      -10.12808729,      -10.07850284,      -8.970707941
          0,           0,         480,      -9.529913257,        -10.138813,      -10.08740798,      -8.980136186
          0,           0,         481,      -9.539768095,      -10.15096444,      -10.09622784,      -8.989923186
          0,           0,         482,      -9.549971253,      -10.16453663,        -10.105018,      -9.000093519
          0,           0,         483,      -9.560540923,      -10.17951628,      -10.11383139,      -9.010666374
          0,           0,         484,      -9.571489149,      -10.19588132,      -10.12272731,      -9.021653764
          0,           0,         485,      -9.582820718,      -10.21359836,      -10.13176642,      -9.033059466
          0,           0,         486,      -9.594531702,      -10.23261888,      -10.14100308,      -9.044878086
          0,           0,         487,      -9.606609667,      -10.25287297,      -10.15048112,      -9.057095536
          0,           0,         488,      -9.619034234,      -10.27426257,      -10.16023591,       -9.06968925
          0,           0,         489,      -9.631777308,      -10.29665453,      -10.17029915,      -9.082628028
          0,           0,         490,      -9.644802883,      -10.31987156,       -10.1807005,       -9.09587187
          0,           0,         491,      -9.658066942,      -10.34368293,      -10.19146457,      -9.109372141
          0,           0,         492,      -9.671518286,      -10.36779291,      -10.20260768,      -9.123072341
          0,           0,         493,      -9.685098314,       -10.3918343,      -10.21413742,       -9.13690772
          0,           0,         494,      -9.698741617,      -10.41536612,       -10.2260494,       -9.15080601
          0,           0,         495,      -9.712377218,      -10.43788474,       -10.2383276,      -9.164688906
          0,           0,         496,      -9.725930754,      -10.45884925,      -10.25094567,      -9.178474492
          0,           0,         497,      -9.739326542,      -10.47772568,      -10.26386867,      -9.192079466
          0,           0,         498,      -9.752489802,      -10.49404626,      -10.27705374,      -9.205421694
          0,           0,         499,      -9.765349362,       -10.5074755,      -10.29044931,      -9.218423399
          0,           0,         500,      -9.777840716,      -10.51786415,      -10.30399407,      -9.231014707
          0,           0,         501,      -9.789909121,      -10.52527644,      -10.31761744,      -9.243137041
          0,           0,         502,      -9.801512545,      -10.52997876,      -10.33124153,      -9.254746296
          0,           0,         503,      -9.812623994,      -10.53239673,      -10.34478416,      -9.265815323
          0,           0,         504,      -9.823233045,      -10.53305285,      -10.35816202,       -9.27633554
          0,           0,         505,      -9.833346445,      -10.53250183,      -10.37129352,      -9.286317434
          0,           0,         506,      -9.842987786,      -10.53127852,      -10.38410171,      -9.295789984
          0,           0,         507,      -9.852196312,      -10.52986242,       -10.3965176,      -9.304799097
          0,           0,         508,      -9.861024933,      -10.52866171,       -10.4084835,      -9.313405184
          0,           0,         509,      -9.869537595,      -10.52800945,      -10.41995622,      -9.321680122
          0,           0,         510,      -9.877806355,      -10.52816755,      -10.43090953,      -9.329703913
          0,           0,         511,      -9.885908282,      -10.52933663,      -10.44133562,      -9.337561249
          0,           0,         512,      -9.893922512,      -10.53166529,       -10.4512456,      -9.345338298
          0,           0,         513,      -9.901927514,      -10.53526171,      -10.46066881,      -9.353119783
          0,           0,         514,       -9.90999874,      -10.54020112,      -10.46965121,      -9.360986549
          0,           0,         515,      -9.918206686,      -10.54653436,      -10.47825296,      -9.369013573
          0,           0,         516,      -9.926615381,      -10.55429156,      -10.48654532,      -9.377268494
          0,           0,         517,      -9.935281264,      -10.56348777,      -10.49460727,       -9.38581052
          0,           0,         518,      -9.944252453,      -10.57412437,      -10.50252215,      -9.394689778
          0,           0,         519,      -9.953568217,      -10.58619118,      -10.51037448,      -9.403946866
          0,           0,         520,      -9.963258747,      -10.59966617,      -10.51824715,      -9.413612693
          0,           0,         521,      -9.973345191,       -10.6145155,      -10.52621903,      -9.423708687
          0,           0,         522,      -9.983839771,       -10.6306908,      -10.53436301,      -9.434246878
          0,           0,         523,      -9.994745418,      -10.64812632,      -10.54274827,      -9.445229059
          0,           0,         524,      -10.00605592,      -10.66673458,      -10.55143465,      -9.456647381
          0,           0,         525,      -10.01775514,      -10.68640096,      -10.56046838,      -9.468483881
          0,           0,         526,      -10.02981819,      -10.70697607,      -10.56988601,      -9.480711494
          0,           0,         527,      -10.04221221,      -10.72827006,      -10.57971794,      -9.493294386
          0,           0,         528,      -10.05489609,      -10.75004578,      -10.58998879,      -9.506187561
          0,           0,         529,      -10.06782036,      -10.77201201,      -10.60071417,      -9.519336971
          0,           0,         530,      -10.08092767,      -10.79382044,      -10.61189681,      -9.532680175
          0,           0,         531,      -10.09415359,      -10.81506938,      -10.62352633,      -9.546146981
          0,           0,         532,      -10.10742801,      -10.83531592,      -10.63558106,      -9.559660831
          0,           0,         533,      -10.12067686,      -10.85410444,      -10.64802936,      -9.573140785
          0,           0,         534,      -10.13382345,      -10.87100274,      -10.66083015,      -9.586503069
          0,           0,         535,       -10.1467913,      -10.88564996,      -10.67393353,       -9.59966422
          0,           0,         536,      -10.15950662,      -10.89780429,      -10.68728008,      -9.612543896
          0,           0,         537,      -10.17190102,      -10.90737838,      -10.70080062,      -9.625067936
          0,           0,         538,      -10.18391471,      -10.91445466,      -10.71441639,      -9.637172005
          0,           0,         539,      -10.19549962,      -10.91927253,      -10.72804092,       -9.64880502
          0,           0,         540,      -10.20662194,      -10.92219346,      -10.74158336,      -9.659931857
          0,           0,         541,      -10.21726404,      -10.92365545,      -10.75495227,      -9.670535345
          0,           0,         542,      -10.22742533,      -10.92412428,      -10.76805918,       -9.68061712
          0,           0,         543,      -10.23712223,      -10.92405387,      -10.78082127,      -9.690197514
          0,           0,         544,      -10.24638724,      -10.92385792,      -10.79316464,      -9.699314321
          0,           0,         545,      -10.25526723,      -10.92389563,      -10.80502767,      -9.708020727
          0,           0,         546,      -10.26382216,      -10.92446675,      -10.81636451,      -9.716383661
          0,           0,         547,      -10.27212246,      -10.92581359,      -10.82714839,      -9.724480736
          0,           0,         548,      -10.28023862,      -10.92812765,      -10.83737253,      -9.732389122
          0,           0,         549,      -10.28824647,      -10.93155326,      -10.84704472,        -9.7401918
          0,           0,         550,      -10.29622268,      -10.93619809,      -10.85619528,       -9.74797195
          0,           0,         551,      -10.30424266,      -10.94214118,      -10.86487652,      -9.755810446
          0,           0,         552,      -10.31237716,      -10.94943773,      -10.87315753,      -9.763782607
          0,           0,         553,      -10.32069014,      -10.95812398,      -10.88111569,      -9.771956372
          0,           0,         554,      -10.32923784,      -10.96821919,       -10.8888314,      -9.780391402
          0,           0,         555,      -10.33806757,      -10.97972666,      -10.89638723,      -9.789137565
          0,           0,         556,       -10.3472188,       -10.9926383,      -10.90386681,       -9.79823624
          0,           0,         557,      -10.35672159,      -11.00693117,      -10.91135526,      -9.807718595
          0,           0,         558,      -10.36659648,      -11.02256776,      -10.91893456,      -9.817605638
          0,           0,         559,      -10.37685401,      -11.03949094,      -10.92667923,      -9.827907875
          0,           0,         560,      -10.38749494,      -11.05762161,      -10.93465385,      -9.838625543
          0,           0,         561,      -10.39851069,      -11.07685179,      -10.94291309,      -9.849748912
          0,           0,         562,      -10.40988346,      -11.09703882,      -10.95150291,       -9.86125833
          0,           0,         563,      -10.42158628,      -11.11799593,      -10.96046135,      -9.873124208
          0,           0,         564,      -10.43358318,      -11.13948283,      -10.96981783,      -9.885307178
          0,           0,         565,      -10.44582958,      -11.16119828,      -10.97959209,      -9.897758479
          0,           0,         566,      -10.45827273,       -11.1827756,      -10.98979371,      -9.910420321
          0,           0,         567,      -10.47085246,      -11.20378244,      -11.00042183,      -9.923226633
          0,           0,         568,      -10.48350226,      -11.22373471,      -11.01146604,      -9.936104114
          0,           0,         569,      -10.49615056,      -11.24212114,      -11.02290593,      -9.948973787
          0,           0,         570,      -10.50872248,      -11.25844645,      -11.03471129,      -9.961752905
          0,           0,         571,        -10.521142,      -11.27228677,      -11.04684171,      -9.974357532
          0,           0,         572,      -10.53333464,       -11.2833468,       -11.0592469,      -9.986705531
          0,           0,         573,      -10.54523037,      -11.29151006,      -11.07186757,       -9.99872003
          0,           0,         574,      -10.55676677,      -11.29685354,      -11.08463549,      -10.01033292
          0,           0,         575,      -10.56789201,      -11.29964523,      -11.09747601,      -10.02148838
          0,           0,         576,       -10.5785677,      -11.30029348,       -11.1103093,      -10.03214594
          0,           0,         577,      -10.58877093,      -11.29929234,      -11.12305326,      -10.04228266
          0,           0,         578,      -10.59849568,      -11.29716803,       -11.1356257,      -10.05189465
          0,           0,         579,       -10.6077532,      -11.29442601,      -11.14794774,      -10.06099716
          0,           0,         580,      -10.61657148,       -11.2915216,      -11.15994702,      -10.06962382
          0,           0,         581,      -10.62499364,      -11.28884624,      -11.17156105,      -10.07782455
          0,           0,         582,      -10.63307585,        -11.286716,      -11.18273993,      -10.08566316
          0,           0,         583,      -10.64088449,      -11.28538486,      -11.19344929,      -10.09321397
          0,           0,         584,      -10.64849312,       -11.2850495,      -11.20367151,      -10.10055843
          0,           0,         585,      -10.65597954,      -11.28585278,      -11.21340711,       -10.1077818
          0,           0,         586,      -10.66342267,      -11.28790186,       -11.2226748,      -10.11496996
          0,           0,         587,       -10.6709001,      -11.29127166,      -11.23150975,      -10.12220657
          0,           0,         588,      -10.67848573,      -11.29601358,      -11.23996176,      -10.12957084
          0,           0,         589,      -10.68624808,       -11.3021582,      -11.24809247,      -10.13713571
          0,           0,         590,       -10.6942488,      -11.30972465,      -11.25597272,      -10.14496649
          0,           0,         591,      -10.70254169,      -11.31871951,      -11.26367899,      -10.15311976
          0,           0,         592,      -10.71117207,      -11.32914068,      -11.27128999,      -10.16164303
          0,           0,         593,      -10.72017633,      -11.34097484,      -11.27888401,      -10.17057417
          0,           0,         594,      -10.72958177,      -11.35420157,      -11.28653674,      -10.17994146
          0,           0,         595,      -10.73940653,      -11.36879127,      -11.29431905,      -10.18976348
          0,           0,         596,      -10.74965967,      -11.38470442,      -11.30229571,       -10.2000492
          0,           0,         597,      -10.76034124,       -11.4018836,      -11.31052437,      -10.21079816
          0,           0,         598,      -10.77144245,      -11.42025907,      -11.31905519,      -10.22200048
          0,           0,         599,      -10.78294574,      -11.43973499,      -11.32792985,      -10.23363706
          0,           0,         600,      -10.79482502,      -11.46018538,      -11.33718201,      -10.24567951
          0,           0,         601,       -10.8070458,      -11.48145452,      -11.34683674,      -10.25809053
          0,           0,         602,       -10.8195655,      -11.50333642,      -11.35691086,      -10.27082389
          0,           0,         603,      -10.83233356,      -11.52558043,      -11.36741243,      -10.28382457
          0,           0,         604,      -10.84529225,      -11.54787788,      -11.37834109,      -10.29702962
          0,           0,         605,      -10.85837719,      -11.56986277,      -11.38968691,      -10.31036854
          0,           0,         606,      -10.87151839,      -11.59111976,      -11.40143119,      -10.32376456
          0,           0,         607,      -10.88464179,      -11.61119851,      -11.41354556,      -10.33713623
          0,           0,         608,      -10.89767092,      -11.62965302,      -11.42599209,      -10.35039934
          0,           0,         609,       -10.9105294,      -11.64606599,      -11.43872332,      -10.36346978
          0,           0,         610,      -10.92314342,      -11.66011448,      -11.45168291,      -10.37626644
          0,           0,         611,      -10.93544484,      -11.67160339,      -11.46480574,      -10.38871458
          0,           0,         612,       -10.9473741,      -11.68050712,      -11.47801994,      -10.40074939
          0,           0,         613,      -10.95888332,      -11.68695828,       -11.4912474,      -10.41231922
          0,           0,         614,      -10.96993845,      -11.69124736,      -11.50440829,      -10.42338814
          0,           0,         615,      -10.98052171,      -11.69376439,      -11.51742029,      -10.43393842
          0,           0,         616,      -10.99063171,      -11.69496853,      -11.53020408,      -10.44397068
          0,           0,         617,      -11.00028427,      -11.69532203,      -11.54268479,      -10.45350456
          0,           0,         618,      -11.00951101,      -11.69527033,      -11.55479659,      -10.46257702
          0,           0,         619,      -11.01835795,      -11.69520665,      -11.56648396,      -10.47124054
          0,           0,         620,       -11.0268829,      -11.69546935,      -11.57770607,      -10.47956016
          0,           0,         621,      -11.03515276,       -11.6963407,      -11.58843787,      -10.48761034
          0,           0,         622,      -11.04324046,      -11.69803933,      -11.59867203,       -10.4954716
          0,           0,         623,      -11.05122195,      -11.70074028,      -11.60841821,      -10.50322718
          0,           0,         624,      -11.05917359,      -11.70457404,       -11.6177043,      -10.51096022
          0,           0,         625,      -11.06716933,      -11.70963441,      -11.62657307,       -10.5187506
          0,           0,         626,      -11.07527894,      -11.71599316,      -11.63507955,      -10.52667329
          0,           0,         627,      -11.08356623,      -11.72369837,      -11.64329027,      -10.53479657
          0,           0,         628,       -11.0920878,      -11.73277426,      -11.65127803,      -10.54318065
          0,           0,         629,      -11.10089216,      -11.74324012,      -11.65911981,      -10.55187673
          0,           0,         630,      -11.11001904,      -11.75508486,      -11.66689286,      -10.56092682
          0,           0,         631,      -11.11949936,      -11.76830778,      -11.67467321,      -10.57036315
          0,           0,         632,      -11.12935477,      -11.78287401,      -11.68253304,      -10.58020826
          0,           0,         633,      -11.13959775,      -11.79874631,      -11.69054005,      -10.59047477
          0,           0,         634,      -11.15023174,      -11.81585824,      -11.69875503,      -10.60116568
          0,           0,         635,      -11.16125106,      -11.83413218,      -11.70723064,      -10.61227439
          0,           0,         636,      -11.17264136,      -11.85345103,      -11.71601278,      -10.62378489
          0,           0,         637,      -11.18437954,      -11.87367163,      -11.72513942,      -10.63567172
          0,           0,         638,       -11.1964341,      -11.89460075,      -11.73464004,      -10.64790034
          0,           0,         639,      -11.20876522,       -11.9159963,      -11.74453554,      -10.66042709
          0,           0,         640,      -11.22132553,      -11.93755898,      -11.75483902,      -10.67319987
          0,           0,         641,      -11.23406016,      -11.95893326,      -11.76555426,      -10.68615832
          0,           0,         642,      -11.24690785,      -11.97969524,      -11.77667584,      -10.69923492
          0,           0,         643,      -11.25980204,      -11.99938427,      -11.78819004,      -10.71235611
          0,           0,         644,      -11.27267206,      -12.01752252,      -11.80007235,      -10.72544382
          0,           0,         645,      -11.28544498,      -12.03366398,      -11.81228941,      -10.73841746
          0,           0,         646,      -11.29804836,      -12.04741879,      -11.82479835,      -10.75119722
          0,           0,         647,      -11.31041214,      -12.05855107,      -11.83754714,      -10.76370578
          0,           0,         648,      -11.32247199,      -12.06697161,      -11.85047459,      -10.77587305
          0,           0,         649,      -11.33417209,      -12.07277594,      -11.86351318,      -10.78763847
          0,           0,         650,       -11.3454675,      -12.07624065,      -11.87658904,       -10.7989541
          0,           0,         651,      -11.35632732,      -12.07774058,      -11.88962393,      -10.80978795
          0,           0,         652,       -11.3667356,      -12.07775141,      -11.90253986,      -10.82012484
          0,           0,         653,      -11.37669237,      -12.07676531,      -11.91525838,      -10.82996749
          0,           0,         654,      -11.38621413,      -12.07525547,      -11.92770664,      -10.83933684
          0,           0,         655,      -11.39533238,      -12.07364007,      -11.93981877,      -10.84827007
          0,           0,         656,      -11.40409246,      -12.07229525,      -11.95153796,      -10.85681926
          0,           0,         657,       -11.4125508,      -12.07150843,      -11.96282053,      -10.86504824
          0,           0,         658,      -11.42077272,      -12.07153217,      -11.97363979,      -10.87302999
          0,           0,         659,      -11.42882922,       -12.0725533,      -11.98398318,      -10.88084296
          0,           0,         660,      -11.43679443,      -12.07470855,       -11.9938562,      -10.88856824
          0,           0,         661,      -11.44474251,      -12.07810474,       -12.0032827,      -10.89628645
          0,           0,         662,      -11.45274604,      -12.08281604,      -12.01229807,      -10.90407597
          0,           0,         663,      -11.46087305,      -12.08888928,      -12.02095334,      -10.91200977
          0,           0,         664,      -11.46918643,      -12.09636757,       -12.0293117,      -10.92015468
          0,           0,         665,      -11.47774183,      -12.10526999,      -12.03744189,      -10.92856987
          0,           0,         666,       -11.4865872,      -12.11560188,      -12.04541788,      -10.93730571
          0,           0,         667,      -11.49576205,      -12.12734956,      -12.05331343,      -10.94640363
          0,           0,         668,      -11.50529751,      -12.14051356,      -12.06120684,      -10.95589596
          0,           0,         669,      -11.51521538,      -12.15506521,      -12.06916776,      -10.96580536
          0,           0,         670,      -11.52552878,      -12.17096819,      -12.07726422,      -10.97614493
          0,           0,         671,      -11.53624186,      -12.18816092,      -12.08555908,      -10.98691822
          0,           0,         672,      -11.54734977,      -12.20657861,      -12.09410476,      -10.99811958
          0,           0,         673,      -11.55883903,      -12.22612229,        -12.102951,      -11.00973371
          0,           0,         674,      -11.57068742,      -12.24666315,      -12.11213571,      -11.02173636
          0,           0,         675,      -11.58286427,      -12.26803018,      -12.12169248,      -11.03409383
          0,           0,         676,      -11.59533034,      -12.29001011,      -12.13164233,      -11.04676325
          0,           0,         677,       -11.6080388,      -12.31231755,      -12.14200082,      -11.05969324
          0,           0,         678,      -11.62093493,      -12.33463385,      -12.15277468,      -11.07282373
          0,           0,         679,      -11.63395731,      -12.35654405,      -12.16395914,      -11.08608717
          0,           0,         680,      -11.64703845,       -12.3776004,       -12.1755435,      -11.09940935
          0,           0,         681,      -11.66010656,      -12.39731583,      -12.18750338,      -11.11271117
          0,           0,         682,      -11.67308692,      -12.41521343,      -12.19980827,      -11.12590986
          0,           0,         683,      -11.68590423,      -12.43083408,      -12.21241479,      -11.13892286
          0,           0,         684,      -11.69848556,      -12.44384511,      -12.22527156,      -11.15166968
          0,           0,         685,      -11.71076217,      -12.45410895,      -12.23832048,      -11.16407525
          0,           0,         686,      -11.72267429,      -12.46160283,      -12.25148698,      -11.17607453
          0,           0,         687,      -11.73417251,      -12.46652865,      -12.26470145,      -11.18761485
          0,           0,         688,      -11.74522103,      -12.46923764,      -12.27788496,      -11.19865827
          0,           0,         689,       -11.7557991,      -12.47017982,      -12.29095314,      -11.20918434
          0,           0,         690,      -11.76590304,      -12.46984231,      -12.30382524,      -11.21919161
          0,           0,         691,      -11.77554591,      -12.46874027,      -12.31642585,      -11.22869708
          0,           0,         692,        -11.784757,      -12.46732431,      -12.32868392,       -11.2377356
          0,           0,         693,      -11.79357972,      -12.46600877,      -12.34053745,      -11.24635717
          0,           0,         694,      -11.80206994,      -12.46513226,      -12.35194281,       -11.2546249
          0,           0,         695,      -11.81029362,      -12.46494966,      -12.36286331,      -11.26261283
          0,           0,         696,      -11.81832265,      -12.46570578,      -12.37328881,      -11.27040037
          0,           0,         697,      -11.82623335,      -12.46753132,      -12.38321758,        -11.278071
          0,           0,         698,      -11.83410217,       -12.4705503,      -12.39267619,      -11.28570789
          0,           0,         699,      -11.84200466,      -12.47487817,      -12.40169732,      -11.29339277
          0,           0,         700,        -11.850012,      -12.48054087,      -12.41033398,      -11.30120188
          0,           0,         701,      -11.85818985,      -12.48759758,      -12.41865046,      -11.30920531
          0,           0,         702,      -11.86659734,      -12.49606896,      -12.42671273,      -11.31746546
          0,           0,         703,      -11.87528543,      -12.50595883,      -12.43460299,      -11.32603625
          0,           0,         704,      -11.88429713,      -12.51727581,       -12.4423989,      -11.33496264
          0,           0,         705,      -11.89366575,      -12.52999676,      -12.45017708,       -11.3442795
          0,           0,         706,      -11.90341583,      -12.54411079,      -12.45801322,      -11.35401193
          0,           0,         707,      -11.91356351,      -12.55957397,      -12.46597864,      -11.36417656
          0,           0,         708,      -11.92411519,      -12.57633138,       -12.4741381,      -11.37477913
          0,           0,         709,      -11.93506821,      -12.59431075,      -12.48254972,      -11.38581651
          0,           0,         710,      -11.94641105,      -12.61343183,      -12.49126315,      -11.39727518
          0,           0,         711,      -11.95812374,      -12.63354411,      -12.50031882,      -11.40913355
          0,           0,         712,      -11.97017746,      -12.65452265,      -12.50975023,      -11.42135997
          0,           0,         713,      -11.98253531,      -12.67613858,      -12.51958189,      -11.43391421
          0,           0,         714,      -11.99515212,      -12.69811551,      -12.52983239,      -11.44674646
          0,           0,         715,      -12.00797443,      -12.72016345,      -12.54050688,      -11.45979859
          0,           0,         716,      -12.02094236,      -12.74187148,      -12.55160425,      -11.47300483
          0,           0,         717,      -12.03398988,      -12.76283072,      -12.56311011,      -11.48629285
          0,           0,         718,      -12.04704607,      -12.78256164,      -12.57500413,      -11.49958417
          0,           0,         719,      -12.06003621,      -12.80058361,      -12.58725637,       -11.5127964
          0,           0,         720,      -12.07288564,      -12.81647953,      -12.59982512,      -11.52584772
          0,           0,         721,       -12.0855203,      -12.82988983,      -12.61266204,      -11.53865662
          0,           0,         722,      -12.09786982,      -12.84062556,      -12.62570189,      -11.55114603
          0,           0,         723,      -12.10987286,       -12.8486579,      -12.63887475,      -11.56324941
          0,           0,         724,      -12.12147517,      -12.85418976,       -12.6521119,       -11.5749085
          0,           0,         725,      -12.13264002,      -12.85746474,      -12.66533231,      -11.58608419
          0,           0,         726,       -12.1433413,      -12.85893583,      -12.67845471,      -11.59674968
          0,           0,         727,      -12.15357127,      -12.85908417,      -12.69139088,      -11.60689921
          0,           0,         728,      -12.16333935,      -12.85839193,      -12.70406507,      -11.61654564
          0,           0,         729,      -12.17267079,      -12.85730347,      -12.71640577,      -11.62571951
          0,           0,         730,      -12.18160383,      -12.85625518,      -12.72834438,      -11.63446498
          0,           0,         731,      -12.19019422,      -12.85560001,      -12.73983755,      -11.64284535
          0,           0,         732,      -12.19850274,      -12.85554411,      -12.75084744,      -11.65092793
          0,           0,         733,      -12.20660192,      -12.85639873,      -12.76135666,      -11.65879391
          0,           0,         734,      -12.21456552,      -12.85830132,      -12.77136245,      -11.66652383
          0,           0,         735,      -12.22247009,      -12.86133991,      -12.78088102,      -11.67420038
          0,           0,         736,      -12.23039162,      -12.86566419,      -12.78995318,      -11.68190702
          0,           0,         737,      -12.23840172,      -12.87133093,      -12.79862468,      -11.68972034
          0,           0,         738,       -12.2465662,      -12.87838099,      -12.80696024,       -11.6977107
          0,           0,         739,       -12.2549462,      -12.88678212,      -12.81502681,      -11.70594211
          0,           0,         740,      -12.26359416,      -12.89664096,      -12.82289887,        -11.714471
          0,           0,         741,      -12.27255422,      -12.90792532,      -12.83066568,      -11.72334283
          0,           0,         742,      -12.28186108,      -12.92059967,      -12.83839593,      -11.73259401
          0,           0,         743,       -12.2915411,      -12.93471482,      -12.84617303,      -11.74225289
          0,           0,         744,      -12.30161071,      -12.95012543,      -12.85406227,       -11.7523353
          0,           0,         745,      -12.31207843,      -12.96682548,      -12.86213427,      -11.76284942
          0,           0,         746,      -12.32294273,      -12.98480302,      -12.87044965,      -11.77379406
          0,           0,         747,      -12.33419245,      -13.00386732,      -12.87905298,      -11.78515577
          0,           0,         748,      -12.34580896,       -13.0239619,      -12.88799025,      -11.79691393
          0,           0,         749,      -12.35776429,      -13.04486909,      -12.89730032,      -11.80903784
          0,           0,         750,      -12.37002194,       -13.0664372,      -12.90700606,      -11.82148778
          0,           0,         751,      -12.38253763,      -13.08839054,      -12.91711945,      -11.83421539
          0,           0,         752,      -12.39525855,      -13.11036856,      -12.92765338,       -11.8471628
          0,           0,         753,      -12.40812449,      -13.13200857,      -12.93860343,      -11.86026373
          0,           0,         754,      -12.42107096,      -13.15284149,      -12.94997209,      -11.87344769
          0,           0,         755,      -12.43402692,      -13.17236583,      -12.96172871,      -11.88663549
          0,           0,         756,      -12.44691754,      -13.19021931,      -12.97383871,      -11.89974497
          0,           0,         757,       -12.4596689,      -13.20578938,      -12.98626863,      -11.91269456
          0,           0,         758,      -12.47220606,      -13.21885585,      -12.99896015,      -11.92540268
          0,           0,         759,      -12.48445941,       -13.2291623,      -13.01187153,      -11.93779193
          0,           0,         760,       -12.4963674,      -13.23673832,       -13.0249195,      -11.94979538
          0,           0,         761,      -12.50787747,      -13.24174468,      -13.03804587,      -11.96135632
          0,           0,         762,      -12.51894852,      -13.24448138,      -13.05115611,      -11.97243164
          0,           0,         763,      -12.52955777,      -13.24537599,      -13.06417599,      -11.98299837
          0,           0,         764,      -12.53969566,      -13.24501323,      -13.07702434,      -11.99304957
          0,           0,         765,      -12.54937019,      -13.24375121,       -13.0896175,      -12.00259368
          0,           0,         766,      -12.55860907,      -13.24214748,      -13.10189726,      -12.01166571
          0,           0,         767,      -12.56744994,      -13.24059904,      -13.11378897,      -12.02031057
          0,           0,         768,      -12.57594676,      -13.23947674,      -13.12524047,      -12.02858772
          0,           0,         769,      -12.58416241,      -13.23896944,      -13.13621915,      -12.03656957
          0,           0,         770,      -12.59216714,      -13.23935296,      -13.14670647,      -12.04433064
          0,           0,         771,      -12.60003822,      -13.24089453,      -13.15669766,      -12.05195923
          0,           0,         772,      -12.60784987,      -13.24364625,      -13.16622769,      -12.05953465
          0,           0,         773,      -12.61568005,      -13.24755215,      -13.17530635,      -12.06714105
          0,           0,         774,      -12.62359767,      -13.25282998,      -13.18398836,      -12.07485241
          0,           0,         775,      -12.63167261,      -13.25948068,      -13.19233358,      -12.08274382
          0,           0,         776,      -12.63996652,      -13.26751735,       -13.2004032,      -12.09088087
          0,           0,         777,      -12.64853081,      -13.27699799,      -13.20829777,      -12.09931871
          0,           0,         778,      -12.65741103,      -13.28788904,       -13.2160767,       -12.1081026
          0,           0,         779,      -12.66664201,      -13.30024039,      -13.22381577,      -12.11727161
          0,           0,         780,      -12.67625255,      -13.31399945,      -13.23158976,      -12.12685371
          0,           0,         781,      -12.68625762,      -13.32907821,      -13.23948227,      -12.13686506
          0,           0,         782,      -12.69666883,      -13.34547439,      -13.24756316,      -12.14731772
          0,           0,         783,      -12.70748508,       -13.3631305,      -13.25588261,      -12.15820789
          0,           0,         784,      -12.71869595,      -13.38189487,      -13.26447808,      -12.16952441
          0,           0,         785,      -12.73028501,      -13.40176929,      -13.27341642,      -12.18125097
          0,           0,         786,      -12.74222362,      -13.42255873,      -13.28271429,      -12.19335608
          0,           0,         787,      -12.75447936,      -13.44407032,      -13.29240995,      -12.20580252
          0,           0,         788,      -12.76700789,      -13.46599631,      -13.30250695,      -12.21854184
          0,           0,         789,      -12.77975828,      -13.48815525,      -13.31303772,      -12.23152039
          0,           0,         790,      -12.79267055,      -13.51006662,      -13.32397643,       -12.2446702
          0,           0,         791,      -12.80568038,      -13.53136994,      -13.33533271,      -12.25792169
          0,           0,         792,      -12.81871852,         -13.55173,       -13.3470839,      -12.27119954
          0,           0,         793,      -12.83171218,      -13.57031789,      -13.35920297,      -12.28442286
          0,           0,         794,      -12.84458634,      -13.58709596,      -13.37164867,       -12.2975063
          0,           0,         795,      -12.85726532,      -13.60136742,      -13.38435625,      -12.31036937
          0,           0,         796,      -12.86967711,      -13.61296874,      -13.39728618,       -12.3229337
          0,           0,         797,      -12.88175637,      -13.62200566,       -13.4103847,       -12.3351252
          0,           0,         798,      -12.89345371,      -13.62830344,      -13.42355825,      -12.34689409
          0,           0,         799,      -12.90471421,      -13.63236159,      -13.43673105,      -12.35817834
          0,           0,         800,      -12.91552245,      -13.63428682,      -13.44984724,      -12.36896498
          0,           0,         801,      -12.92585583,      -13.63485502,      -13.46279161,      -12.37922711
          0,           0,         802,      -12.93572246,      -13.63431009,      -13.47548427,      -12.38898316
          0,           0,         803,      -12.94514566,      -13.63323165,      -13.48789683,      -12.39825728
          0,           0,         804,      -12.95416056,       -13.6320481,      -13.49990394,      -12.40708961
          0,           0,         805,      -12.96281547,      -13.63124712,      -13.51149728,      -12.41553565
          0,           0,         806,       -12.9711685,      -13.63101112,      -13.52261558,      -12.42366452
          0,           0,         807,      -12.97929563,      -13.63150082,      -13.53323246,      -12.43155692
          0,           0,         808,      -12.98726436,       -13.6330984,      -13.54338028,      -12.43929106
          0,           0,         809,      -12.99515688,      -13.63564756,      -13.55300255,       -12.4469461
          0,           0,         810,      -13.00304583,      -13.63943074,      -13.56219239,      -12.45461547
